#CHROM,POS,ID,REF,ALT,QUAL,FILTER,INFO,FORMAT,HG02121
5,179818959,.,C,T,.,PASS,AC=5076;AN=5096;DP=16678;AF=1;EAS_AF=1;EUR_AF=0.99;AFR_AF=1;AMR_AF=1;SAS_AF=0.99;VT=SNP;NS=2548,GT,1|1
5,179819326,.,GC,G,.,PASS,AC=5015;AN=5096;DP=11710;AF=0.98;EAS_AF=0.99;EUR_AF=0.97;AFR_AF=0.99;AMR_AF=0.99;SAS_AF=0.98;VT=INDEL;NS=2548,GT,1|1
5,179821774,.,A,C,.,PASS,AC=2523;AN=5096;DP=18559;AF=0.5;EAS_AF=0.8;EUR_AF=0.42;AFR_AF=0.22;AMR_AF=0.6;SAS_AF=0.55;VT=SNP;NS=2548,GT,0|1
5,179821946,.,TA,T,.,PASS,AC=934;AN=5096;DP=18645;AF=0.18;EAS_AF=0.19;EUR_AF=0.24;AFR_AF=0.07;AMR_AF=0.31;SAS_AF=0.19;VT=INDEL;NS=2548,GT,0|1
5,179822433,.,T,C,.,PASS,AC=3275;AN=5096;DP=28159;AF=0.64;EAS_AF=0.77;EUR_AF=0.48;AFR_AF=0.67;AMR_AF=0.71;SAS_AF=0.59;VT=SNP;NS=2548,GT,1|1
5,179823392,.,G,A,.,PASS,AC=2923;AN=5096;DP=18964;AF=0.57;EAS_AF=0.77;EUR_AF=0.44;AFR_AF=0.47;AMR_AF=0.64;SAS_AF=0.6;VT=SNP;NS=2548,GT,1|1
5,179823416,.,A,G,.,PASS,AC=2476;AN=5096;DP=15532;AF=0.49;EAS_AF=0.76;EUR_AF=0.41;AFR_AF=0.19;AMR_AF=0.61;SAS_AF=0.59;VT=SNP;NS=2548,GT,1|1
5,179823500,.,C,T,.,PASS,AC=2459;AN=5096;DP=18064;AF=0.48;EAS_AF=0.76;EUR_AF=0.41;AFR_AF=0.19;AMR_AF=0.61;SAS_AF=0.59;VT=SNP;NS=2548,GT,1|1
5,179824475,.,T,G,.,PASS,AC=2903;AN=5096;DP=41497;AF=0.57;EAS_AF=0.79;EUR_AF=0.45;AFR_AF=0.43;AMR_AF=0.65;SAS_AF=0.61;VT=SNP;NS=2548,GT,1|1
5,179825537,.,A,G,.,PASS,AC=2971;AN=5096;DP=30699;AF=0.58;EAS_AF=0.79;EUR_AF=0.45;AFR_AF=0.47;AMR_AF=0.65;SAS_AF=0.6;VT=SNP;NS=2548,GT,1|1
5,179826875,.,C,T,.,PASS,AC=2486;AN=5096;DP=19922;AF=0.49;EAS_AF=0.76;EUR_AF=0.41;AFR_AF=0.2;AMR_AF=0.61;SAS_AF=0.59;VT=SNP;NS=2548,GT,1|1
5,179826926,.,A,G,.,PASS,AC=3580;AN=5096;DP=20967;AF=0.7;EAS_AF=0.77;EUR_AF=0.51;AFR_AF=0.85;AMR_AF=0.73;SAS_AF=0.62;VT=SNP;NS=2548,GT,1|1
5,179827206,.,TCA,T,.,PASS,AC=2853;AN=5096;DP=19196;AF=0.56;EAS_AF=0.77;EUR_AF=0.45;AFR_AF=0.41;AMR_AF=0.65;SAS_AF=0.6;VT=INDEL;NS=2548,GT,1|1
5,179827247,.,G,A,.,PASS,AC=2941;AN=5096;DP=20504;AF=0.58;EAS_AF=0.77;EUR_AF=0.45;AFR_AF=0.47;AMR_AF=0.65;SAS_AF=0.6;VT=SNP;NS=2548,GT,1|1
5,179827340,.,T,C,.,PASS,AC=3579;AN=5096;DP=19477;AF=0.7;EAS_AF=0.77;EUR_AF=0.51;AFR_AF=0.85;AMR_AF=0.73;SAS_AF=0.62;VT=SNP;NS=2548,GT,1|1
5,179827846,.,A,G,.,PASS,AC=2459;AN=5096;DP=22436;AF=0.48;EAS_AF=0.76;EUR_AF=0.42;AFR_AF=0.17;AMR_AF=0.61;SAS_AF=0.58;VT=SNP;NS=2548,GT,1|1
5,179828408,.,T,C,.,PASS,AC=43;AN=5096;DP=11744;AF=0.01;EAS_AF=0.04;EUR_AF=0;AFR_AF=0;AMR_AF=0;SAS_AF=0;VT=SNP;NS=2548,GT,1|0
5,179828819,.,C,CA,.,PASS,AC=2475;AN=5096;DP=20762;AF=0.49;EAS_AF=0.76;EUR_AF=0.42;AFR_AF=0.19;AMR_AF=0.61;SAS_AF=0.59;VT=INDEL;NS=2548,GT,1|1
5,179828970,.,G,C,.,PASS,AC=2946;AN=5096;DP=20061;AF=0.58;EAS_AF=0.77;EUR_AF=0.46;AFR_AF=0.48;AMR_AF=0.65;SAS_AF=0.6;VT=SNP;NS=2548,GT,1|1
5,179830135,.,A,AAAAC,.,PASS,AC=3485;AN=5096;DP=24386;AF=0.68;EAS_AF=0.76;EUR_AF=0.51;AFR_AF=0.79;AMR_AF=0.73;SAS_AF=0.61;VT=INDEL;NS=2548,GT,1|1
5,179830171,.,C,A,.,PASS,AC=3578;AN=5096;DP=23445;AF=0.7;EAS_AF=0.77;EUR_AF=0.51;AFR_AF=0.85;AMR_AF=0.73;SAS_AF=0.61;VT=SNP;NS=2548,GT,1|1
5,179831176,.,C,A,.,PASS,AC=558;AN=5096;DP=21006;AF=0.11;EAS_AF=0.2;EUR_AF=0.04;AFR_AF=0.18;AMR_AF=0.04;SAS_AF=0.04;VT=SNP;NS=2548,GT,1|1
5,179831184,.,G,C,.,PASS,AC=1008;AN=5096;DP=20868;AF=0.2;EAS_AF=0.3;EUR_AF=0.02;AFR_AF=0.3;AMR_AF=0.34;SAS_AF=0.03;VT=SNP;NS=2548,GT,1|0
5,179831523,.,G,A,.,PASS,AC=3137;AN=5096;DP=16875;AF=0.62;EAS_AF=0.76;EUR_AF=0.49;AFR_AF=0.59;AMR_AF=0.69;SAS_AF=0.59;VT=SNP;NS=2548,GT,1|1
5,179831790,.,C,CT,.,PASS,AC=3035;AN=5096;DP=19251;AF=0.6;EAS_AF=0.75;EUR_AF=0.5;AFR_AF=0.49;AMR_AF=0.69;SAS_AF=0.61;VT=INDEL;NS=2548,GT,1|1
5,179831901,.,G,A,.,PASS,AC=3583;AN=5096;DP=16581;AF=0.7;EAS_AF=0.76;EUR_AF=0.51;AFR_AF=0.85;AMR_AF=0.74;SAS_AF=0.62;VT=SNP;NS=2548,GT,1|1
5,179832030,.,G,A,.,PASS,AC=3362;AN=5096;DP=21483;AF=0.66;EAS_AF=0.76;EUR_AF=0.53;AFR_AF=0.68;AMR_AF=0.73;SAS_AF=0.62;VT=SNP;NS=2548,GT,1|1
5,179832842,.,G,C,.,PASS,AC=3654;AN=5096;DP=37546;AF=0.72;EAS_AF=0.76;EUR_AF=0.51;AFR_AF=0.9;AMR_AF=0.73;SAS_AF=0.63;VT=SNP;NS=2548,GT,1|1
5,179833009,.,G,A,.,PASS,AC=2048;AN=5096;DP=170445;AF=0.4;EAS_AF=0.6;EUR_AF=0.31;AFR_AF=0.21;AMR_AF=0.46;SAS_AF=0.51;EX_TARGET;VT=SNP;NS=2548,GT,1|1
5,179833153,.,C,T,.,PASS,AC=3535;AN=5096;DP=132731;AF=0.69;EAS_AF=0.85;EUR_AF=0.51;AFR_AF=0.73;AMR_AF=0.73;SAS_AF=0.65;EX_TARGET;VT=SNP;NS=2548,GT,1|1
5,179833213,.,G,A,.,PASS,AC=2995;AN=5096;DP=77037;AF=0.59;EAS_AF=0.79;EUR_AF=0.51;AFR_AF=0.41;AMR_AF=0.69;SAS_AF=0.63;EX_TARGET;VT=SNP;NS=2548,GT,1|1
5,179833478,.,C,G,.,PASS,AC=763;AN=5096;DP=82927;AF=0.15;EAS_AF=0.25;EUR_AF=0.11;AFR_AF=0.08;AMR_AF=0.11;SAS_AF=0.2;VT=SNP;NS=2548,GT,1|1
5,179833494,.,G,A,.,PASS,AC=3278;AN=5096;DP=94236;AF=0.64;EAS_AF=0.79;EUR_AF=0.51;AFR_AF=0.61;AMR_AF=0.65;SAS_AF=0.67;VT=SNP;NS=2548,GT,1|1
5,179834001,.,G,A,.,PASS,AC=3670;AN=5096;DP=28224;AF=0.72;EAS_AF=0.75;EUR_AF=0.51;AFR_AF=0.92;AMR_AF=0.74;SAS_AF=0.62;VT=SNP;NS=2548,GT,1|0
5,179835108,.,C,T,.,PASS,AC=3346;AN=5096;DP=14831;AF=0.66;EAS_AF=0.76;EUR_AF=0.47;AFR_AF=0.73;AMR_AF=0.71;SAS_AF=0.61;VT=SNP;NS=2548,GT,1|1
5,179835132,.,G,A,.,PASS,AC=2638;AN=5096;DP=14741;AF=0.52;EAS_AF=0.76;EUR_AF=0.42;AFR_AF=0.3;AMR_AF=0.63;SAS_AF=0.59;VT=SNP;NS=2548,GT,1|1
5,179835335,.,A,G,.,PASS,AC=3616;AN=5096;DP=15698;AF=0.71;EAS_AF=0.76;EUR_AF=0.51;AFR_AF=0.88;AMR_AF=0.73;SAS_AF=0.62;VT=SNP;NS=2548,GT,1|1
5,179835675,.,GGAGAAA,G,.,PASS,AC=2748;AN=5096;DP=22277;AF=0.54;EAS_AF=0.76;EUR_AF=0.43;AFR_AF=0.37;AMR_AF=0.63;SAS_AF=0.59;VT=INDEL;NS=2548,GT,1|1
5,179835733,.,A,G,.,PASS,AC=3355;AN=5096;DP=25722;AF=0.66;EAS_AF=0.76;EUR_AF=0.47;AFR_AF=0.73;AMR_AF=0.71;SAS_AF=0.61;VT=SNP;NS=2548,GT,1|1
5,179837731,.,T,C,.,PASS,AC=3507;AN=5096;DP=303199;AF=0.69;EAS_AF=0.76;EUR_AF=0.52;AFR_AF=0.79;AMR_AF=0.73;SAS_AF=0.63;EX_TARGET;VT=SNP;NS=2548,GT,1|1
5,179837915,.,G,T,.,PASS,AC=3682;AN=5096;DP=94404;AF=0.72;EAS_AF=0.76;EUR_AF=0.51;AFR_AF=0.92;AMR_AF=0.74;SAS_AF=0.62;EX_TARGET;VT=SNP;NS=2548,GT,1|1
