#CHROM,POS,ID,REF,ALT,QUAL,FILTER,INFO,FORMAT,HG02122
2,74361892,.,A,G,.,PASS,AC=1028;AN=5096;DP=95945;AF=0.2;EAS_AF=0.43;EUR_AF=0.12;AFR_AF=0.12;AMR_AF=0.13;SAS_AF=0.22;VT=SNP;NS=2548,GT,0|1
2,74362161,.,G,C,.,PASS,AC=891;AN=5096;DP=240765;AF=0.17;EAS_AF=0.39;EUR_AF=0.02;AFR_AF=0.23;AMR_AF=0.16;SAS_AF=0.05;VT=SNP;NS=2548,GT,1|0
2,74362770,.,G,T,.,PASS,AC=886;AN=5096;DP=132843;AF=0.17;EAS_AF=0.39;EUR_AF=0.02;AFR_AF=0.23;AMR_AF=0.16;SAS_AF=0.05;VT=SNP;NS=2548,GT,1|0
2,74364633,.,T,C,.,PASS,AC=893;AN=5096;DP=25540;AF=0.18;EAS_AF=0.39;EUR_AF=0.02;AFR_AF=0.23;AMR_AF=0.16;SAS_AF=0.05;VT=SNP;NS=2548,GT,1|0
2,74367887,.,G,A,.,PASS,AC=1014;AN=5096;DP=255535;AF=0.2;EAS_AF=0.42;EUR_AF=0.12;AFR_AF=0.11;AMR_AF=0.13;SAS_AF=0.21;EX_TARGET;VT=SNP;NS=2548,GT,0|1
2,74368356,.,G,A,.,PASS,AC=262;AN=5096;DP=29680;AF=0.05;EAS_AF=0.14;EUR_AF=0.04;AFR_AF=0;AMR_AF=0.04;SAS_AF=0.05;VT=SNP;NS=2548,GT,0|1
2,74369041,.,G,GA,.,PASS,AC=1543;AN=5096;DP=218345;AF=0.3;EAS_AF=0.42;EUR_AF=0.12;AFR_AF=0.47;AMR_AF=0.18;SAS_AF=0.22;EX_TARGET;VT=INDEL;NS=2548,GT,0|1
2,74370400,.,G,A,.,PASS,AC=1007;AN=5096;DP=194711;AF=0.2;EAS_AF=0.42;EUR_AF=0.12;AFR_AF=0.11;AMR_AF=0.13;SAS_AF=0.21;VT=SNP;NS=2548,GT,0|1
2,74371872,.,AAAG,A,.,PASS,AC=2297;AN=5096;DP=33122;AF=0.45;EAS_AF=0.81;EUR_AF=0.14;AFR_AF=0.62;AMR_AF=0.31;SAS_AF=0.27;VT=INDEL;NS=2548,GT,1|1
2,74373426,.,A,C,.,PASS,AC=1100;AN=5096;DP=23014;AF=0.22;EAS_AF=0.39;EUR_AF=0.02;AFR_AF=0.38;AMR_AF=0.16;SAS_AF=0.05;VT=SNP;NS=2548,GT,1|0
2,74375015,.,T,C,.,PASS,AC=1494;AN=5096;DP=20478;AF=0.29;EAS_AF=0.43;EUR_AF=0.09;AFR_AF=0.47;AMR_AF=0.15;SAS_AF=0.22;VT=SNP;NS=2548,GT,0|1
2,74377546,.,C,T,.,PASS,AC=1491;AN=5096;DP=306330;AF=0.29;EAS_AF=0.43;EUR_AF=0.09;AFR_AF=0.47;AMR_AF=0.15;SAS_AF=0.22;VT=SNP;NS=2548,GT,0|1
2,74377768,.,T,C,.,PASS,AC=984;AN=5096;DP=210592;AF=0.19;EAS_AF=0.43;EUR_AF=0.09;AFR_AF=0.12;AMR_AF=0.11;SAS_AF=0.22;VT=SNP;NS=2548,GT,0|1
2,74378771,.,T,C,.,PASS,AC=895;AN=5096;DP=25573;AF=0.18;EAS_AF=0.39;EUR_AF=0.02;AFR_AF=0.23;AMR_AF=0.16;SAS_AF=0.05;VT=SNP;NS=2548,GT,1|0
2,74379660,.,T,C,.,PASS,AC=1036;AN=5096;DP=28939;AF=0.2;EAS_AF=0.43;EUR_AF=0.12;AFR_AF=0.12;AMR_AF=0.13;SAS_AF=0.22;VT=SNP;NS=2548,GT,0|1
2,74383737,.,A,G,.,PASS,AC=604;AN=5096;DP=23854;AF=0.12;EAS_AF=0.28;EUR_AF=0.06;AFR_AF=0.02;AMR_AF=0.07;SAS_AF=0.17;VT=SNP;NS=2548,GT,0|1
2,74384524,.,G,GA,.,PASS,AC=604;AN=5096;DP=22460;AF=0.12;EAS_AF=0.28;EUR_AF=0.06;AFR_AF=0.03;AMR_AF=0.07;SAS_AF=0.17;VT=INDEL;NS=2548,GT,0|1
2,74384842,.,C,G,.,PASS,AC=1009;AN=5096;DP=23946;AF=0.2;EAS_AF=0.42;EUR_AF=0.12;AFR_AF=0.11;AMR_AF=0.13;SAS_AF=0.22;VT=SNP;NS=2548,GT,0|1
2,74385252,.,A,G,.,PASS,AC=1585;AN=5096;DP=25106;AF=0.31;EAS_AF=0.42;EUR_AF=0.12;AFR_AF=0.51;AMR_AF=0.17;SAS_AF=0.23;VT=SNP;NS=2548,GT,0|1
2,74386428,.,T,G,.,PASS,AC=1014;AN=5096;DP=23023;AF=0.2;EAS_AF=0.43;EUR_AF=0.12;AFR_AF=0.11;AMR_AF=0.13;SAS_AF=0.22;VT=SNP;NS=2548,GT,0|1
2,74387776,.,A,AGTCT,.,PASS,AC=1577;AN=5096;DP=24228;AF=0.31;EAS_AF=0.43;EUR_AF=0.12;AFR_AF=0.5;AMR_AF=0.17;SAS_AF=0.22;VT=INDEL;NS=2548,GT,0|1
2,74387916,.,T,C,.,PASS,AC=1013;AN=5096;DP=24449;AF=0.2;EAS_AF=0.43;EUR_AF=0.12;AFR_AF=0.11;AMR_AF=0.13;SAS_AF=0.22;VT=SNP;NS=2548,GT,0|1
2,74388197,.,A,AAAAACAAAAC,.,PASS,AC=2647;AN=5096;DP=22187;AF=0.52;EAS_AF=0.82;EUR_AF=0.14;AFR_AF=0.86;AMR_AF=0.33;SAS_AF=0.27;VT=INDEL;NS=2548,GT,1|1
2,74388735,.,T,C,.,PASS,AC=896;AN=5096;DP=25950;AF=0.18;EAS_AF=0.4;EUR_AF=0.02;AFR_AF=0.23;AMR_AF=0.16;SAS_AF=0.05;VT=SNP;NS=2548,GT,1|0
2,74389489,.,A,C,.,PASS,AC=154;AN=5096;DP=24427;AF=0.03;EAS_AF=0;EUR_AF=0;AFR_AF=0.11;AMR_AF=0.01;SAS_AF=0;VT=SNP;NS=2548,GT,1|0
2,74389532,.,A,G,.,PASS,AC=1049;AN=5096;DP=24184;AF=0.21;EAS_AF=0.4;EUR_AF=0.02;AFR_AF=0.34;AMR_AF=0.16;SAS_AF=0.05;VT=SNP;NS=2548,GT,1|0
2,74389743,.,A,G,.,PASS,AC=1603;AN=5096;DP=27273;AF=0.31;EAS_AF=0.43;EUR_AF=0.12;AFR_AF=0.51;AMR_AF=0.16;SAS_AF=0.24;VT=SNP;NS=2548,GT,0|1
2,74391633,.,C,T,.,PASS,AC=1012;AN=5096;DP=14125;AF=0.2;EAS_AF=0.43;EUR_AF=0.11;AFR_AF=0.11;AMR_AF=0.12;SAS_AF=0.23;VT=SNP;NS=2548,GT,0|1
