#CHROM,POS,ID,REF,ALT,QUAL,FILTER,INFO,FORMAT,HG02031
14,20685140,.,A,C,.,PASS,AC=2329;AN=5096;DP=23068;AF=0.46;EAS_AF=0.44;EUR_AF=0.45;AFR_AF=0.54;AMR_AF=0.43;SAS_AF=0.38;VT=SNP;NS=2548,GT,1|0
14,20685457,.,G,A,.,PASS,AC=2201;AN=5096;DP=20819;AF=0.43;EAS_AF=0.44;EUR_AF=0.45;AFR_AF=0.46;AMR_AF=0.42;SAS_AF=0.37;VT=SNP;NS=2548,GT,1|0
14,20685464,.,G,A,.,PASS,AC=2201;AN=5096;DP=20596;AF=0.43;EAS_AF=0.44;EUR_AF=0.45;AFR_AF=0.46;AMR_AF=0.42;SAS_AF=0.37;VT=SNP;NS=2548,GT,1|0
14,20685569,.,C,T,.,PASS,AC=317;AN=5096;DP=22737;AF=0.06;EAS_AF=0.14;EUR_AF=0.05;AFR_AF=0;AMR_AF=0.05;SAS_AF=0.08;VT=SNP;NS=2548,GT,0|1
14,20685629,.,A,C,.,PASS,AC=2202;AN=5096;DP=22198;AF=0.43;EAS_AF=0.45;EUR_AF=0.45;AFR_AF=0.46;AMR_AF=0.42;SAS_AF=0.37;VT=SNP;NS=2548,GT,1|0
14,20685921,.,C,T,.,PASS,AC=2206;AN=5096;DP=18052;AF=0.43;EAS_AF=0.44;EUR_AF=0.45;AFR_AF=0.46;AMR_AF=0.42;SAS_AF=0.37;VT=SNP;NS=2548,GT,1|0
14,20685955,.,T,G,.,PASS,AC=2207;AN=5096;DP=20108;AF=0.43;EAS_AF=0.45;EUR_AF=0.45;AFR_AF=0.46;AMR_AF=0.42;SAS_AF=0.37;VT=SNP;NS=2548,GT,1|0
14,20686090,.,G,C,.,PASS,AC=3024;AN=5096;DP=20639;AF=0.59;EAS_AF=0.59;EUR_AF=0.54;AFR_AF=0.74;AMR_AF=0.52;SAS_AF=0.51;VT=SNP;NS=2548,GT,1|1
14,20686224,.,G,C,.,PASS,AC=2206;AN=5096;DP=20856;AF=0.43;EAS_AF=0.45;EUR_AF=0.45;AFR_AF=0.46;AMR_AF=0.42;SAS_AF=0.37;VT=SNP;NS=2548,GT,1|0
14,20687234,.,A,G,.,PASS,AC=2906;AN=5096;DP=22129;AF=0.57;EAS_AF=0.59;EUR_AF=0.54;AFR_AF=0.65;AMR_AF=0.52;SAS_AF=0.51;VT=SNP;NS=2548,GT,1|1
14,20688032,.,G,A,.,PASS,AC=1880;AN=5096;DP=25692;AF=0.37;EAS_AF=0.42;EUR_AF=0.3;AFR_AF=0.54;AMR_AF=0.26;SAS_AF=0.25;VT=SNP;NS=2548,GT,1|0
14,20688299,.,C,T,.,PASS,AC=7;AN=5096;DP=26865;AF=0;EAS_AF=0;EUR_AF=0;AFR_AF=0;AMR_AF=0;SAS_AF=0;VT=SNP;NS=2548,GT,0|1
14,20688313,.,G,A,.,PASS,AC=1180;AN=5096;DP=27037;AF=0.23;EAS_AF=0.42;EUR_AF=0.21;AFR_AF=0.12;AMR_AF=0.2;SAS_AF=0.23;VT=SNP;NS=2548,GT,1|0
14,20690413,.,C,G,.,PASS,AC=321;AN=5096;DP=17615;AF=0.06;EAS_AF=0.14;EUR_AF=0.05;AFR_AF=0;AMR_AF=0.06;SAS_AF=0.08;VT=SNP;NS=2548,GT,0|1
14,20690418,.,G,A,.,PASS,AC=1649;AN=5096;DP=17645;AF=0.32;EAS_AF=0.43;EUR_AF=0.28;AFR_AF=0.32;AMR_AF=0.24;SAS_AF=0.32;VT=SNP;NS=2548,GT,1|0
14,20690751,.,G,T,.,PASS,AC=1116;AN=5096;DP=20615;AF=0.22;EAS_AF=0.15;EUR_AF=0.12;AFR_AF=0.48;AMR_AF=0.14;SAS_AF=0.09;VT=SNP;NS=2548,GT,0|1
14,20690882,.,C,G,.,PASS,AC=1221;AN=5096;DP=22687;AF=0.24;EAS_AF=0.16;EUR_AF=0.15;AFR_AF=0.48;AMR_AF=0.15;SAS_AF=0.15;VT=SNP;NS=2548,GT,0|1
14,20691107,.,C,T,.,PASS,AC=1373;AN=5096;DP=23873;AF=0.27;EAS_AF=0.44;EUR_AF=0.26;AFR_AF=0.19;AMR_AF=0.23;SAS_AF=0.24;VT=SNP;NS=2548,GT,1|0
14,20693052,.,G,T,.,PASS,AC=2198;AN=5096;DP=15621;AF=0.43;EAS_AF=0.37;EUR_AF=0.31;AFR_AF=0.71;AMR_AF=0.31;SAS_AF=0.33;VT=SNP;NS=2548,GT,1|0
14,20693068,.,C,T,.,PASS,AC=1685;AN=5096;DP=16224;AF=0.33;EAS_AF=0.31;EUR_AF=0.21;AFR_AF=0.55;AMR_AF=0.23;SAS_AF=0.25;VT=SNP;NS=2548,GT,1|0
14,20693222,.,A,G,.,PASS,AC=5068;AN=5096;DP=26531;AF=0.99;EAS_AF=1;EUR_AF=1;AFR_AF=0.98;AMR_AF=1;SAS_AF=1;VT=SNP;NS=2548,GT,1|1
