#CHROM,POS,ID,REF,ALT,QUAL,FILTER,INFO,FORMAT,HG01865
15,78593232,.,T,A,.,PASS,AC=280;AN=5096;DP=331614;AF=0.05;EAS_AF=0.26;EUR_AF=0;AFR_AF=0;AMR_AF=0;SAS_AF=0.01;EX_TARGET;VT=SNP;NS=2548,GT,0|1
15,78593273,.,G,GTA,.,PASS,AC=280;AN=5096;DP=283978;AF=0.05;EAS_AF=0.26;EUR_AF=0;AFR_AF=0;AMR_AF=0;SAS_AF=0.01;EX_TARGET;VT=INDEL;NS=2548,GT,0|1
15,78593646,.,T,C,.,PASS,AC=3608;AN=5096;DP=21134;AF=0.71;EAS_AF=0.83;EUR_AF=0.65;AFR_AF=0.63;AMR_AF=0.81;SAS_AF=0.68;VT=SNP;NS=2548,GT,1|1
15,78593885,.,A,G,.,PASS,AC=2825;AN=5096;DP=17392;AF=0.55;EAS_AF=0.8;EUR_AF=0.28;AFR_AF=0.6;AMR_AF=0.6;SAS_AF=0.49;VT=SNP;NS=2548,GT,1|1
15,78595490,.,A,G,.,PASS,AC=3782;AN=5096;DP=22088;AF=0.74;EAS_AF=0.83;EUR_AF=0.65;AFR_AF=0.76;AMR_AF=0.81;SAS_AF=0.68;VT=SNP;NS=2548,GT,1|1
15,78595652,.,A,G,.,PASS,AC=3782;AN=5096;DP=24203;AF=0.74;EAS_AF=0.83;EUR_AF=0.65;AFR_AF=0.76;AMR_AF=0.81;SAS_AF=0.68;VT=SNP;NS=2548,GT,1|1
15,78595892,.,A,ACCCC,.,PASS,AC=2011;AN=5096;DP=21088;AF=0.39;EAS_AF=0.47;EUR_AF=0.24;AFR_AF=0.32;AMR_AF=0.55;SAS_AF=0.47;VT=INDEL;NS=2548,GT,1|0
15,78596058,.,G,A,.,PASS,AC=2822;AN=5096;DP=23374;AF=0.55;EAS_AF=0.8;EUR_AF=0.28;AFR_AF=0.6;AMR_AF=0.6;SAS_AF=0.49;VT=SNP;NS=2548,GT,1|1
15,78596180,.,G,GAATT,.,PASS,AC=280;AN=5096;DP=20778;AF=0.05;EAS_AF=0.26;EUR_AF=0;AFR_AF=0;AMR_AF=0;SAS_AF=0.01;VT=INDEL;NS=2548,GT,0|1
15,78596440,.,AT,A,.,PASS,AC=2826;AN=5096;DP=53049;AF=0.55;EAS_AF=0.8;EUR_AF=0.29;AFR_AF=0.6;AMR_AF=0.6;SAS_AF=0.48;VT=INDEL;NS=2548,GT,1|1
15,78596506,.,G,A,.,PASS,AC=280;AN=5096;DP=97274;AF=0.05;EAS_AF=0.26;EUR_AF=0;AFR_AF=0;AMR_AF=0;SAS_AF=0.01;VT=SNP;NS=2548,GT,0|1
15,78598487,.,C,T,.,PASS,AC=647;AN=5096;DP=18626;AF=0.13;EAS_AF=0.32;EUR_AF=0;AFR_AF=0.22;AMR_AF=0.02;SAS_AF=0.01;VT=SNP;NS=2548,GT,0|1
15,78599285,.,G,A,.,PASS,AC=3005;AN=5096;DP=21279;AF=0.59;EAS_AF=0.53;EUR_AF=0.76;AFR_AF=0.62;AMR_AF=0.44;SAS_AF=0.53;VT=SNP;NS=2548,GT,0|1
15,78600609,.,C,G,.,PASS,AC=283;AN=5096;DP=18947;AF=0.06;EAS_AF=0.26;EUR_AF=0;AFR_AF=0;AMR_AF=0;SAS_AF=0.01;VT=SNP;NS=2548,GT,0|1
15,78600993,.,C,A,.,PASS,AC=651;AN=5096;DP=29491;AF=0.13;EAS_AF=0.32;EUR_AF=0;AFR_AF=0.22;AMR_AF=0.02;SAS_AF=0.01;VT=SNP;NS=2548,GT,0|1
15,78603420,.,G,A,.,PASS,AC=79;AN=5096;DP=26450;AF=0.02;EAS_AF=0.07;EUR_AF=0;AFR_AF=0;AMR_AF=0;SAS_AF=0;VT=SNP;NS=2548,GT,0|1
15,78603866,.,C,T,.,PASS,AC=651;AN=5096;DP=23609;AF=0.13;EAS_AF=0.32;EUR_AF=0;AFR_AF=0.22;AMR_AF=0.02;SAS_AF=0.01;VT=SNP;NS=2548,GT,0|1
15,78604205,.,G,A,.,PASS,AC=3087;AN=5096;DP=22624;AF=0.61;EAS_AF=0.53;EUR_AF=0.76;AFR_AF=0.68;AMR_AF=0.45;SAS_AF=0.53;VT=SNP;NS=2548,GT,0|1
15,78605010,.,C,CTCAG,.,PASS,AC=5022;AN=5096;DP=20297;AF=0.99;EAS_AF=1;EUR_AF=1;AFR_AF=0.95;AMR_AF=0.99;SAS_AF=1;VT=INDEL;NS=2548,GT,1|1
15,78605523,.,C,CT,.,PASS,AC=1373;AN=5096;DP=20961;AF=0.27;EAS_AF=0.45;EUR_AF=0.35;AFR_AF=0.07;AMR_AF=0.19;SAS_AF=0.33;VT=INDEL;NS=2548,GT,0|1
15,78606333,.,CA,C,.,PASS,AC=3216;AN=5096;DP=15017;AF=0.63;EAS_AF=0.86;EUR_AF=0.52;AFR_AF=0.47;AMR_AF=0.66;SAS_AF=0.7;VT=INDEL;NS=2548,GT,1|1
15,78606381,.,C,T,.,PASS,AC=1298;AN=5096;DP=19895;AF=0.25;EAS_AF=0.29;EUR_AF=0.4;AFR_AF=0.16;AMR_AF=0.23;SAS_AF=0.2;VT=SNP;NS=2548,GT,0|1
15,78606871,.,T,C,.,PASS,AC=3089;AN=5096;DP=19592;AF=0.61;EAS_AF=0.53;EUR_AF=0.76;AFR_AF=0.68;AMR_AF=0.45;SAS_AF=0.53;VT=SNP;NS=2548,GT,0|1
15,78606999,.,G,A,.,PASS,AC=289;AN=5096;DP=20517;AF=0.06;EAS_AF=0.26;EUR_AF=0;AFR_AF=0;AMR_AF=0;SAS_AF=0.01;VT=SNP;NS=2548,GT,0|1
15,78607377,.,G,A,.,PASS,AC=3060;AN=5096;DP=21252;AF=0.6;EAS_AF=0.53;EUR_AF=0.76;AFR_AF=0.66;AMR_AF=0.44;SAS_AF=0.53;VT=SNP;NS=2548,GT,0|1
15,78607484,.,A,G,.,PASS,AC=282;AN=5096;DP=21597;AF=0.06;EAS_AF=0.26;EUR_AF=0;AFR_AF=0;AMR_AF=0;SAS_AF=0.01;VT=SNP;NS=2548,GT,0|1
15,78607712,.,A,C,.,PASS,AC=282;AN=5096;DP=23288;AF=0.06;EAS_AF=0.26;EUR_AF=0;AFR_AF=0;AMR_AF=0;SAS_AF=0.01;VT=SNP;NS=2548,GT,0|1
15,78608359,.,T,G,.,PASS,AC=1236;AN=5096;DP=20989;AF=0.24;EAS_AF=0.29;EUR_AF=0.37;AFR_AF=0.16;AMR_AF=0.22;SAS_AF=0.19;VT=SNP;NS=2548,GT,0|1
15,78608567,.,A,G,.,PASS,AC=2982;AN=5096;DP=24311;AF=0.59;EAS_AF=0.53;EUR_AF=0.76;AFR_AF=0.6;AMR_AF=0.44;SAS_AF=0.53;VT=SNP;NS=2548,GT,0|1
15,78608771,.,C,T,.,PASS,AC=1235;AN=5096;DP=23056;AF=0.24;EAS_AF=0.29;EUR_AF=0.37;AFR_AF=0.16;AMR_AF=0.22;SAS_AF=0.19;VT=SNP;NS=2548,GT,0|1
15,78608831,.,GA,G,.,PASS,AC=1237;AN=5096;DP=22183;AF=0.24;EAS_AF=0.29;EUR_AF=0.37;AFR_AF=0.16;AMR_AF=0.22;SAS_AF=0.19;VT=INDEL;NS=2548,GT,0|1
15,78612057,.,A,G,.,PASS,AC=282;AN=5096;DP=22630;AF=0.06;EAS_AF=0.26;EUR_AF=0;AFR_AF=0;AMR_AF=0;SAS_AF=0.01;VT=SNP;NS=2548,GT,0|1
15,78612619,.,G,A,.,PASS,AC=289;AN=5096;DP=14985;AF=0.06;EAS_AF=0.27;EUR_AF=0;AFR_AF=0;AMR_AF=0;SAS_AF=0.01;VT=SNP;NS=2548,GT,0|1
15,78613761,.,C,A,.,PASS,AC=3101;AN=5096;DP=12948;AF=0.61;EAS_AF=0.75;EUR_AF=0.6;AFR_AF=0.4;AMR_AF=0.76;SAS_AF=0.65;VT=SNP;NS=2548,GT,1|1
15,78613765,.,C,A,.,PASS,AC=3096;AN=5096;DP=13070;AF=0.61;EAS_AF=0.75;EUR_AF=0.6;AFR_AF=0.4;AMR_AF=0.76;SAS_AF=0.65;VT=SNP;NS=2548,GT,1|1
15,78613777,.,C,A,.,PASS,AC=2840;AN=5096;DP=13250;AF=0.56;EAS_AF=0.69;EUR_AF=0.57;AFR_AF=0.34;AMR_AF=0.71;SAS_AF=0.61;VT=SNP;NS=2548,GT,1|1
15,78613778,.,A,AAAC,.,PASS,AC=3093;AN=5096;DP=13291;AF=0.61;EAS_AF=0.74;EUR_AF=0.59;AFR_AF=0.41;AMR_AF=0.75;SAS_AF=0.65;VT=INDEL;NS=2548,GT,1|1
15,78615003,.,C,T,.,PASS,AC=3608;AN=5096;DP=20557;AF=0.71;EAS_AF=0.82;EUR_AF=0.65;AFR_AF=0.65;AMR_AF=0.8;SAS_AF=0.66;VT=SNP;NS=2548,GT,1|1
15,78615064,.,C,G,.,PASS,AC=2289;AN=5096;DP=19348;AF=0.45;EAS_AF=0.73;EUR_AF=0.24;AFR_AF=0.33;AMR_AF=0.55;SAS_AF=0.47;VT=SNP;NS=2548,GT,1|1
15,78615314,.,T,C,.,PASS,AC=2289;AN=5096;DP=23830;AF=0.45;EAS_AF=0.73;EUR_AF=0.24;AFR_AF=0.33;AMR_AF=0.55;SAS_AF=0.47;VT=SNP;NS=2548,GT,1|1
15,78615517,.,A,C,.,PASS,AC=2288;AN=5096;DP=19118;AF=0.45;EAS_AF=0.73;EUR_AF=0.24;AFR_AF=0.33;AMR_AF=0.55;SAS_AF=0.47;VT=SNP;NS=2548,GT,1|1
15,78615533,.,T,TC,.,PASS,AC=2285;AN=5096;DP=18528;AF=0.45;EAS_AF=0.73;EUR_AF=0.24;AFR_AF=0.32;AMR_AF=0.55;SAS_AF=0.47;VT=INDEL;NS=2548,GT,1|1
15,78615655,.,A,AT,.,PASS,AC=2286;AN=5096;DP=21486;AF=0.45;EAS_AF=0.73;EUR_AF=0.24;AFR_AF=0.32;AMR_AF=0.55;SAS_AF=0.47;VT=INDEL;NS=2548,GT,1|1
15,78615668,.,C,T,.,PASS,AC=1980;AN=5096;DP=20791;AF=0.39;EAS_AF=0.47;EUR_AF=0.24;AFR_AF=0.31;AMR_AF=0.55;SAS_AF=0.46;VT=SNP;NS=2548,GT,1|0
15,78615690,.,A,G,.,PASS,AC=2282;AN=5096;DP=19140;AF=0.45;EAS_AF=0.73;EUR_AF=0.24;AFR_AF=0.32;AMR_AF=0.55;SAS_AF=0.47;VT=SNP;NS=2548,GT,1|1
15,78615735,.,C,T,.,PASS,AC=755;AN=5096;DP=15099;AF=0.15;EAS_AF=0.33;EUR_AF=0.02;AFR_AF=0.11;AMR_AF=0.3;SAS_AF=0.03;VT=SNP;NS=2548,GT,1|0
15,78615738,.,TA,T,.,PASS,AC=128;AN=5096;DP=14726;AF=0.03;EAS_AF=0.02;EUR_AF=0.02;AFR_AF=0.02;AMR_AF=0.03;SAS_AF=0.03;VT=INDEL;NS=2548,GT,1|0
15,78615812,.,G,C,.,PASS,AC=2289;AN=5096;DP=11918;AF=0.45;EAS_AF=0.73;EUR_AF=0.24;AFR_AF=0.33;AMR_AF=0.55;SAS_AF=0.47;VT=SNP;NS=2548,GT,1|1
15,78615930,.,TG,T,.,PASS,AC=760;AN=5096;DP=12136;AF=0.15;EAS_AF=0.33;EUR_AF=0.02;AFR_AF=0.11;AMR_AF=0.31;SAS_AF=0.03;VT=INDEL;NS=2548,GT,1|0
15,78616092,.,G,GC,.,PASS,AC=5096;AN=5096;DP=11176;AF=1;EAS_AF=1;EUR_AF=1;AFR_AF=1;AMR_AF=1;SAS_AF=1;VT=INDEL;NS=2548,GT,1|1
15,78616209,.,C,T,.,PASS,AC=284;AN=5096;DP=11870;AF=0.06;EAS_AF=0.26;EUR_AF=0;AFR_AF=0;AMR_AF=0;SAS_AF=0.01;VT=SNP;NS=2548,GT,0|1
15,78616365,.,C,G,.,PASS,AC=17;AN=5096;DP=9507;AF=0;EAS_AF=0;EUR_AF=0;AFR_AF=0.01;AMR_AF=0;SAS_AF=0;VT=SNP;NS=2548,GT,0|1
15,78616464,.,C,A,.,PASS,AC=400;AN=5096;DP=19476;AF=0.08;EAS_AF=0.26;EUR_AF=0;AFR_AF=0.09;AMR_AF=0;SAS_AF=0.01;VT=SNP;NS=2548,GT,0|1
15,78616556,.,G,A,.,PASS,AC=252;AN=5096;DP=20850;AF=0.05;EAS_AF=0.23;EUR_AF=0;AFR_AF=0;AMR_AF=0;SAS_AF=0.01;VT=SNP;NS=2548,GT,0|1
15,78616728,.,A,G,.,PASS,AC=2307;AN=5096;DP=28253;AF=0.45;EAS_AF=0.73;EUR_AF=0.24;AFR_AF=0.33;AMR_AF=0.56;SAS_AF=0.48;VT=SNP;NS=2548,GT,1|1
15,78617110,.,T,C,.,PASS,AC=3229;AN=5096;DP=229103;AF=0.63;EAS_AF=0.55;EUR_AF=0.66;AFR_AF=0.57;AMR_AF=0.8;SAS_AF=0.66;EX_TARGET;VT=SNP;NS=2548,GT,1|0
15,78617138,.,G,A,.,PASS,AC=3220;AN=5096;DP=188107;AF=0.63;EAS_AF=0.55;EUR_AF=0.65;AFR_AF=0.57;AMR_AF=0.8;SAS_AF=0.66;EX_TARGET;VT=SNP;NS=2548,GT,1|0
15,78617197,.,G,T,.,PASS,AC=3148;AN=5096;DP=102768;AF=0.62;EAS_AF=0.55;EUR_AF=0.65;AFR_AF=0.52;AMR_AF=0.8;SAS_AF=0.66;VT=SNP;NS=2548,GT,1|0
15,78617916,.,C,T,.,PASS,AC=1870;AN=5096;DP=25590;AF=0.37;EAS_AF=0.47;EUR_AF=0.23;AFR_AF=0.24;AMR_AF=0.52;SAS_AF=0.46;VT=SNP;NS=2548,GT,1|0
15,78617983,.,C,A,.,PASS,AC=564;AN=5096;DP=24153;AF=0.11;EAS_AF=0.27;EUR_AF=0;AFR_AF=0.2;AMR_AF=0.01;SAS_AF=0.01;VT=SNP;NS=2548,GT,0|1
15,78618120,.,A,G,.,PASS,AC=2427;AN=5096;DP=22456;AF=0.48;EAS_AF=0.53;EUR_AF=0.28;AFR_AF=0.54;AMR_AF=0.56;SAS_AF=0.48;VT=SNP;NS=2548,GT,1|0
15,78618121,.,G,C,.,PASS,AC=2427;AN=5096;DP=22452;AF=0.48;EAS_AF=0.53;EUR_AF=0.28;AFR_AF=0.54;AMR_AF=0.56;SAS_AF=0.48;VT=SNP;NS=2548,GT,1|0
15,78618256,.,C,CT,.,PASS,AC=1896;AN=5096;DP=28491;AF=0.37;EAS_AF=0.47;EUR_AF=0.23;AFR_AF=0.26;AMR_AF=0.52;SAS_AF=0.46;VT=INDEL;NS=2548,GT,1|0
15,78618839,.,T,C,.,PASS,AC=1674;AN=5096;DP=263844;AF=0.33;EAS_AF=0.36;EUR_AF=0.42;AFR_AF=0.35;AMR_AF=0.28;SAS_AF=0.21;EX_TARGET;VT=SNP;NS=2548,GT,0|1
15,78618919,.,T,C,.,PASS,AC=5029;AN=5096;DP=201013;AF=0.99;EAS_AF=1;EUR_AF=1;AFR_AF=0.95;AMR_AF=0.99;SAS_AF=1;EX_TARGET;VT=SNP;NS=2548,GT,1|1
15,78619330,.,G,C,.,PASS,AC=1305;AN=5096;DP=26909;AF=0.26;EAS_AF=0.3;EUR_AF=0.37;AFR_AF=0.18;AMR_AF=0.25;SAS_AF=0.19;VT=SNP;NS=2548,GT,0|1
15,78619661,.,G,C,.,PASS,AC=3724;AN=5096;DP=22614;AF=0.73;EAS_AF=0.83;EUR_AF=0.61;AFR_AF=0.77;AMR_AF=0.79;SAS_AF=0.66;VT=SNP;NS=2548,GT,1|1
15,78619861,.,C,T,.,PASS,AC=2980;AN=5096;DP=20013;AF=0.58;EAS_AF=0.5;EUR_AF=0.6;AFR_AF=0.5;AMR_AF=0.77;SAS_AF=0.64;VT=SNP;NS=2548,GT,1|0
15,78619862,.,A,C,.,PASS,AC=3424;AN=5096;DP=20080;AF=0.67;EAS_AF=0.77;EUR_AF=0.6;AFR_AF=0.61;AMR_AF=0.77;SAS_AF=0.65;VT=SNP;NS=2548,GT,1|1
15,78619936,.,C,G,.,PASS,AC=3279;AN=5096;DP=19309;AF=0.64;EAS_AF=0.77;EUR_AF=0.6;AFR_AF=0.51;AMR_AF=0.77;SAS_AF=0.65;VT=SNP;NS=2548,GT,1|1
15,78620601,.,G,A,.,PASS,AC=1855;AN=5096;DP=14390;AF=0.36;EAS_AF=0.47;EUR_AF=0.23;AFR_AF=0.24;AMR_AF=0.52;SAS_AF=0.46;EX_TARGET;VT=SNP;NS=2548,GT,1|0
15,78620702,.,T,C,.,PASS,AC=805;AN=5096;DP=15224;AF=0.16;EAS_AF=0.33;EUR_AF=0.04;AFR_AF=0.27;AMR_AF=0.04;SAS_AF=0.03;EX_TARGET;VT=SNP;NS=2548,GT,0|1
15,78620789,.,G,A,.,PASS,AC=288;AN=5096;DP=11361;AF=0.06;EAS_AF=0.27;EUR_AF=0;AFR_AF=0;AMR_AF=0;SAS_AF=0.01;EX_TARGET;VT=SNP;NS=2548,GT,0|1
