#CHROM,POS,ID,REF,ALT,QUAL,FILTER,INFO,FORMAT,HG02134
9,132262871,.,C,T,.,PASS,AC=911;AN=5096;DP=23126;AF=0.18;EAS_AF=0.28;EUR_AF=0.16;AFR_AF=0.15;AMR_AF=0.17;SAS_AF=0.15;VT=SNP;NS=2548,GT,1|1
9,132263613,.,G,A,.,PASS,AC=913;AN=5096;DP=20237;AF=0.18;EAS_AF=0.28;EUR_AF=0.15;AFR_AF=0.15;AMR_AF=0.17;SAS_AF=0.15;VT=SNP;NS=2548,GT,1|1
9,132263677,.,G,T,.,PASS,AC=923;AN=5096;DP=18940;AF=0.18;EAS_AF=0.28;EUR_AF=0.16;AFR_AF=0.15;AMR_AF=0.17;SAS_AF=0.15;VT=SNP;NS=2548,GT,1|1
9,132263682,.,T,G,.,PASS,AC=1;AN=5096;DP=18885;AF=0;EAS_AF=0;EUR_AF=0;AFR_AF=0;AMR_AF=0;SAS_AF=0;VT=SNP;NS=2548,GT,1|0
9,132264514,.,T,C,.,PASS,AC=2747;AN=5096;DP=306893;AF=0.54;EAS_AF=0.68;EUR_AF=0.27;AFR_AF=0.81;AMR_AF=0.35;SAS_AF=0.44;EX_TARGET;VT=SNP;NS=2548,GT,1|1
9,132265895,.,C,T,.,PASS,AC=912;AN=5096;DP=18743;AF=0.18;EAS_AF=0.28;EUR_AF=0.15;AFR_AF=0.15;AMR_AF=0.17;SAS_AF=0.15;VT=SNP;NS=2548,GT,1|1
9,132266360,.,A,G,.,PASS,AC=2759;AN=5096;DP=22062;AF=0.54;EAS_AF=0.68;EUR_AF=0.27;AFR_AF=0.82;AMR_AF=0.35;SAS_AF=0.44;VT=SNP;NS=2548,GT,1|1
9,132268242,.,G,C,.,PASS,AC=19;AN=5096;DP=20507;AF=0;EAS_AF=0.02;EUR_AF=0;AFR_AF=0;AMR_AF=0;SAS_AF=0;VT=SNP;NS=2548,GT,0|1
9,132268549,.,C,T,.,PASS,AC=2522;AN=5096;DP=16286;AF=0.49;EAS_AF=0.68;EUR_AF=0.25;AFR_AF=0.68;AMR_AF=0.32;SAS_AF=0.42;VT=SNP;NS=2548,GT,1|1
9,132268627,.,A,G,.,PASS,AC=913;AN=5096;DP=18015;AF=0.18;EAS_AF=0.28;EUR_AF=0.15;AFR_AF=0.15;AMR_AF=0.17;SAS_AF=0.15;VT=SNP;NS=2548,GT,1|1
9,132270236,.,T,C,.,PASS,AC=2752;AN=5096;DP=38700;AF=0.54;EAS_AF=0.68;EUR_AF=0.27;AFR_AF=0.81;AMR_AF=0.35;SAS_AF=0.44;VT=SNP;NS=2548,GT,1|1
9,132270417,.,A,G,.,PASS,AC=2748;AN=5096;DP=31609;AF=0.54;EAS_AF=0.68;EUR_AF=0.27;AFR_AF=0.81;AMR_AF=0.35;SAS_AF=0.44;VT=SNP;NS=2548,GT,1|1
9,132272868,.,T,TACTAAG,.,PASS,AC=2749;AN=5096;DP=22752;AF=0.54;EAS_AF=0.68;EUR_AF=0.27;AFR_AF=0.81;AMR_AF=0.35;SAS_AF=0.44;VT=INDEL;NS=2548,GT,1|1
9,132273970,.,C,CT,.,PASS,AC=2563;AN=5096;DP=17578;AF=0.5;EAS_AF=0.65;EUR_AF=0.27;AFR_AF=0.72;AMR_AF=0.33;SAS_AF=0.42;VT=INDEL;NS=2548,GT,1|1
9,132275520,.,G,T,.,PASS,AC=926;AN=5096;DP=99746;AF=0.18;EAS_AF=0.28;EUR_AF=0.16;AFR_AF=0.16;AMR_AF=0.17;SAS_AF=0.15;VT=SNP;NS=2548,GT,1|1
9,132276074,.,A,G,.,PASS,AC=2752;AN=5096;DP=27613;AF=0.54;EAS_AF=0.68;EUR_AF=0.27;AFR_AF=0.81;AMR_AF=0.35;SAS_AF=0.44;VT=SNP;NS=2548,GT,1|1
9,132276286,.,T,C,.,PASS,AC=2753;AN=5096;DP=25927;AF=0.54;EAS_AF=0.69;EUR_AF=0.27;AFR_AF=0.81;AMR_AF=0.35;SAS_AF=0.44;VT=SNP;NS=2548,GT,1|1
9,132276379,.,A,T,.,PASS,AC=916;AN=5096;DP=27050;AF=0.18;EAS_AF=0.28;EUR_AF=0.16;AFR_AF=0.15;AMR_AF=0.17;SAS_AF=0.15;VT=SNP;NS=2548,GT,1|1
9,132276498,.,C,T,.,PASS,AC=2723;AN=5096;DP=28433;AF=0.53;EAS_AF=0.67;EUR_AF=0.27;AFR_AF=0.81;AMR_AF=0.34;SAS_AF=0.44;VT=SNP;NS=2548,GT,1|1
9,132277768,.,G,A,.,PASS,AC=916;AN=5096;DP=15164;AF=0.18;EAS_AF=0.28;EUR_AF=0.16;AFR_AF=0.15;AMR_AF=0.17;SAS_AF=0.15;VT=SNP;NS=2548,GT,1|1
9,132277815,.,ACTG,A,.,PASS,AC=2722;AN=5096;DP=22458;AF=0.53;EAS_AF=0.67;EUR_AF=0.27;AFR_AF=0.81;AMR_AF=0.33;SAS_AF=0.44;VT=INDEL;NS=2548,GT,1|1
9,132278281,.,C,T,.,PASS,AC=2721;AN=5096;DP=263049;AF=0.53;EAS_AF=0.67;EUR_AF=0.27;AFR_AF=0.81;AMR_AF=0.34;SAS_AF=0.44;EX_TARGET;VT=SNP;NS=2548,GT,1|1
9,132278286,.,T,C,.,PASS,AC=809;AN=5096;DP=243527;AF=0.16;EAS_AF=0.27;EUR_AF=0.15;AFR_AF=0.08;AMR_AF=0.16;SAS_AF=0.15;VT=SNP;NS=2548,GT,1|1
9,132278954,.,T,G,.,PASS,AC=910;AN=5096;DP=22057;AF=0.18;EAS_AF=0.28;EUR_AF=0.15;AFR_AF=0.15;AMR_AF=0.17;SAS_AF=0.15;VT=SNP;NS=2548,GT,1|1
9,132279421,.,G,A,.,PASS,AC=2749;AN=5096;DP=19398;AF=0.54;EAS_AF=0.68;EUR_AF=0.26;AFR_AF=0.82;AMR_AF=0.35;SAS_AF=0.43;VT=SNP;NS=2548,GT,1|1
9,132280975,.,C,T,.,PASS,AC=899;AN=5096;DP=19738;AF=0.18;EAS_AF=0.27;EUR_AF=0.15;AFR_AF=0.15;AMR_AF=0.17;SAS_AF=0.15;VT=SNP;NS=2548,GT,1|1
9,132281861,.,C,A,.,PASS,AC=2738;AN=5096;DP=19965;AF=0.54;EAS_AF=0.68;EUR_AF=0.27;AFR_AF=0.81;AMR_AF=0.35;SAS_AF=0.43;VT=SNP;NS=2548,GT,1|1
9,132282019,.,TAA,T,.,PASS,AC=180;AN=5096;DP=11340;AF=0.04;EAS_AF=0.06;EUR_AF=0.03;AFR_AF=0.04;AMR_AF=0.03;SAS_AF=0.02;VT=INDEL;NS=2548,GT,0|1
9,132284668,.,T,C,.,PASS,AC=629;AN=5096;DP=21056;AF=0.12;EAS_AF=0.24;EUR_AF=0.03;AFR_AF=0.17;AMR_AF=0.07;SAS_AF=0.07;VT=SNP;NS=2548,GT,1|1
9,132284789,.,T,C,.,PASS,AC=727;AN=5096;DP=21864;AF=0.14;EAS_AF=0.15;EUR_AF=0.03;AFR_AF=0.31;AMR_AF=0.07;SAS_AF=0.07;VT=SNP;NS=2548,GT,1|0
9,132285709,.,A,G,.,PASS,AC=2206;AN=5096;DP=19752;AF=0.43;EAS_AF=0.64;EUR_AF=0.13;AFR_AF=0.68;AMR_AF=0.22;SAS_AF=0.36;VT=SNP;NS=2548,GT,1|1
9,132285963,.,T,C,.,PASS,AC=491;AN=5096;DP=21557;AF=0.1;EAS_AF=0.23;EUR_AF=0.03;AFR_AF=0.07;AMR_AF=0.07;SAS_AF=0.07;VT=SNP;NS=2548,GT,1|1
9,132287314,.,T,C,.,PASS,AC=490;AN=5096;DP=22527;AF=0.1;EAS_AF=0.23;EUR_AF=0.03;AFR_AF=0.07;AMR_AF=0.07;SAS_AF=0.07;VT=SNP;NS=2548,GT,1|1
9,132288720,.,A,C,.,PASS,AC=490;AN=5096;DP=118352;AF=0.1;EAS_AF=0.23;EUR_AF=0.03;AFR_AF=0.07;AMR_AF=0.07;SAS_AF=0.07;VT=SNP;NS=2548,GT,1|1
9,132289130,.,T,A,.,PASS,AC=490;AN=5096;DP=21309;AF=0.1;EAS_AF=0.23;EUR_AF=0.03;AFR_AF=0.07;AMR_AF=0.07;SAS_AF=0.07;VT=SNP;NS=2548,GT,1|1
9,132289159,.,T,C,.,PASS,AC=2259;AN=5096;DP=21449;AF=0.44;EAS_AF=0.64;EUR_AF=0.14;AFR_AF=0.69;AMR_AF=0.23;SAS_AF=0.37;VT=SNP;NS=2548,GT,1|1
9,132289973,.,T,C,.,PASS,AC=1215;AN=5096;DP=18039;AF=0.24;EAS_AF=0.41;EUR_AF=0.07;AFR_AF=0.34;AMR_AF=0.11;SAS_AF=0.18;VT=SNP;NS=2548,GT,1|1
9,132290246,.,A,AT,.,PASS,AC=1196;AN=5096;DP=18715;AF=0.23;EAS_AF=0.41;EUR_AF=0.07;AFR_AF=0.33;AMR_AF=0.11;SAS_AF=0.18;VT=INDEL;NS=2548,GT,1|1
9,132291323,.,C,A,.,PASS,AC=493;AN=5096;DP=15081;AF=0.1;EAS_AF=0.23;EUR_AF=0.03;AFR_AF=0.08;AMR_AF=0.07;SAS_AF=0.07;VT=SNP;NS=2548,GT,1|1
9,132291821,.,CATTCCAATAAAAACAT,C,.,PASS,AC=490;AN=5096;DP=15449;AF=0.1;EAS_AF=0.23;EUR_AF=0.03;AFR_AF=0.08;AMR_AF=0.07;SAS_AF=0.07;VT=INDEL;NS=2548,GT,1|1
9,132291917,.,G,C,.,PASS,AC=490;AN=5096;DP=15491;AF=0.1;EAS_AF=0.23;EUR_AF=0.03;AFR_AF=0.07;AMR_AF=0.07;SAS_AF=0.07;VT=SNP;NS=2548,GT,1|1
9,132292093,.,A,G,.,PASS,AC=2253;AN=5096;DP=15717;AF=0.44;EAS_AF=0.64;EUR_AF=0.14;AFR_AF=0.69;AMR_AF=0.23;SAS_AF=0.37;VT=SNP;NS=2548,GT,1|1
9,132292669,.,A,G,.,PASS,AC=546;AN=5096;DP=11556;AF=0.11;EAS_AF=0.23;EUR_AF=0.03;AFR_AF=0.11;AMR_AF=0.07;SAS_AF=0.07;VT=SNP;NS=2548,GT,1|1
9,132292870,.,C,T,.,PASS,AC=494;AN=5096;DP=16981;AF=0.1;EAS_AF=0.23;EUR_AF=0.03;AFR_AF=0.08;AMR_AF=0.07;SAS_AF=0.07;VT=SNP;NS=2548,GT,1|1
9,132293158,.,C,T,.,PASS,AC=490;AN=5096;DP=17268;AF=0.1;EAS_AF=0.23;EUR_AF=0.03;AFR_AF=0.07;AMR_AF=0.07;SAS_AF=0.07;VT=SNP;NS=2548,GT,1|1
9,132293547,.,G,A,.,PASS,AC=1215;AN=5096;DP=17726;AF=0.24;EAS_AF=0.44;EUR_AF=0.1;AFR_AF=0.21;AMR_AF=0.17;SAS_AF=0.26;VT=SNP;NS=2548,GT,1|1
9,132293569,.,G,A,.,PASS,AC=498;AN=5096;DP=17312;AF=0.1;EAS_AF=0.23;EUR_AF=0.03;AFR_AF=0.08;AMR_AF=0.07;SAS_AF=0.07;VT=SNP;NS=2548,GT,1|1
9,132293580,.,T,C,.,PASS,AC=1983;AN=5096;DP=17396;AF=0.39;EAS_AF=0.64;EUR_AF=0.14;AFR_AF=0.5;AMR_AF=0.21;SAS_AF=0.37;VT=SNP;NS=2548,GT,1|1
9,132293774,.,G,A,.,PASS,AC=493;AN=5096;DP=14569;AF=0.1;EAS_AF=0.23;EUR_AF=0.03;AFR_AF=0.08;AMR_AF=0.07;SAS_AF=0.07;VT=SNP;NS=2548,GT,1|1
9,132294015,.,C,T,.,PASS,AC=1957;AN=5096;DP=15750;AF=0.38;EAS_AF=0.63;EUR_AF=0.14;AFR_AF=0.48;AMR_AF=0.21;SAS_AF=0.37;VT=SNP;NS=2548,GT,1|1
9,132294378,.,A,C,.,PASS,AC=491;AN=5096;DP=21000;AF=0.1;EAS_AF=0.23;EUR_AF=0.03;AFR_AF=0.07;AMR_AF=0.07;SAS_AF=0.07;VT=SNP;NS=2548,GT,1|1
9,132294798,.,A,G,.,PASS,AC=2252;AN=5096;DP=20266;AF=0.44;EAS_AF=0.64;EUR_AF=0.14;AFR_AF=0.69;AMR_AF=0.23;SAS_AF=0.37;VT=SNP;NS=2548,GT,1|1
9,132295481,.,G,T,.,PASS,AC=487;AN=5096;DP=27298;AF=0.1;EAS_AF=0.23;EUR_AF=0.03;AFR_AF=0.07;AMR_AF=0.07;SAS_AF=0.07;VT=SNP;NS=2548,GT,1|1
9,132296776,.,T,C,.,PASS,AC=2248;AN=5096;DP=133001;AF=0.44;EAS_AF=0.63;EUR_AF=0.14;AFR_AF=0.69;AMR_AF=0.23;SAS_AF=0.37;VT=SNP;NS=2548,GT,1|1
9,132297025,.,A,G,.,PASS,AC=2247;AN=5096;DP=316833;AF=0.44;EAS_AF=0.63;EUR_AF=0.14;AFR_AF=0.69;AMR_AF=0.23;SAS_AF=0.37;EX_TARGET;VT=SNP;NS=2548,GT,1|1
9,132297278,.,C,G,.,PASS,AC=2185;AN=5096;DP=38043;AF=0.43;EAS_AF=0.64;EUR_AF=0.14;AFR_AF=0.64;AMR_AF=0.22;SAS_AF=0.37;VT=SNP;NS=2548,GT,1|1
9,132298298,.,T,C,.,PASS,AC=2254;AN=5096;DP=271353;AF=0.44;EAS_AF=0.64;EUR_AF=0.14;AFR_AF=0.69;AMR_AF=0.23;SAS_AF=0.37;EX_TARGET;VT=SNP;NS=2548,GT,1|1
9,132298371,.,G,T,.,PASS,AC=2247;AN=5096;DP=139288;AF=0.44;EAS_AF=0.63;EUR_AF=0.14;AFR_AF=0.69;AMR_AF=0.23;SAS_AF=0.37;VT=SNP;NS=2548,GT,1|1
9,132298484,.,G,A,.,PASS,AC=490;AN=5096;DP=38883;AF=0.1;EAS_AF=0.24;EUR_AF=0.03;AFR_AF=0.07;AMR_AF=0.07;SAS_AF=0.07;VT=SNP;NS=2548,GT,1|1
9,132298505,.,T,C,.,PASS,AC=1903;AN=5096;DP=34067;AF=0.37;EAS_AF=0.63;EUR_AF=0.14;AFR_AF=0.45;AMR_AF=0.21;SAS_AF=0.37;VT=SNP;NS=2548,GT,1|1
9,132298562,.,C,G,.,PASS,AC=1902;AN=5096;DP=26858;AF=0.37;EAS_AF=0.63;EUR_AF=0.14;AFR_AF=0.45;AMR_AF=0.21;SAS_AF=0.37;VT=SNP;NS=2548,GT,1|1
9,132298897,.,T,C,.,PASS,AC=1902;AN=5096;DP=23532;AF=0.37;EAS_AF=0.63;EUR_AF=0.14;AFR_AF=0.45;AMR_AF=0.21;SAS_AF=0.37;VT=SNP;NS=2548,GT,1|1
9,132299064,.,G,T,.,PASS,AC=1902;AN=5096;DP=25696;AF=0.37;EAS_AF=0.63;EUR_AF=0.14;AFR_AF=0.45;AMR_AF=0.21;SAS_AF=0.37;VT=SNP;NS=2548,GT,1|1
9,132299999,.,G,A,.,PASS,AC=1901;AN=5096;DP=18288;AF=0.37;EAS_AF=0.63;EUR_AF=0.14;AFR_AF=0.45;AMR_AF=0.21;SAS_AF=0.37;VT=SNP;NS=2548,GT,1|1
9,132300188,.,A,G,.,PASS,AC=2247;AN=5096;DP=19785;AF=0.44;EAS_AF=0.63;EUR_AF=0.14;AFR_AF=0.69;AMR_AF=0.23;SAS_AF=0.37;VT=SNP;NS=2548,GT,1|1
9,132301088,.,CTTTTTTTTTTTT,C,.,PASS,AC=1896;AN=5096;DP=15569;AF=0.37;EAS_AF=0.63;EUR_AF=0.14;AFR_AF=0.45;AMR_AF=0.21;SAS_AF=0.37;VT=INDEL;NS=2548,GT,1|1
9,132301131,.,T,C,.,PASS,AC=1903;AN=5096;DP=12416;AF=0.37;EAS_AF=0.63;EUR_AF=0.14;AFR_AF=0.45;AMR_AF=0.21;SAS_AF=0.37;VT=SNP;NS=2548,GT,1|1
9,132301209,.,T,C,.,PASS,AC=1903;AN=5096;DP=13631;AF=0.37;EAS_AF=0.63;EUR_AF=0.14;AFR_AF=0.45;AMR_AF=0.21;SAS_AF=0.37;VT=SNP;NS=2548,GT,1|1
9,132301277,.,T,C,.,PASS,AC=1902;AN=5096;DP=12515;AF=0.37;EAS_AF=0.63;EUR_AF=0.14;AFR_AF=0.45;AMR_AF=0.21;SAS_AF=0.37;VT=SNP;NS=2548,GT,1|1
9,132301668,.,C,T,.,PASS,AC=1149;AN=5096;DP=21019;AF=0.23;EAS_AF=0.41;EUR_AF=0.07;AFR_AF=0.29;AMR_AF=0.1;SAS_AF=0.18;VT=SNP;NS=2548,GT,1|1
9,132302173,.,C,T,.,PASS,AC=1149;AN=5096;DP=17662;AF=0.23;EAS_AF=0.41;EUR_AF=0.07;AFR_AF=0.29;AMR_AF=0.1;SAS_AF=0.18;VT=SNP;NS=2548,GT,1|1
9,132302231,.,T,C,.,PASS,AC=1903;AN=5096;DP=14898;AF=0.37;EAS_AF=0.63;EUR_AF=0.14;AFR_AF=0.45;AMR_AF=0.21;SAS_AF=0.37;VT=SNP;NS=2548,GT,1|1
9,132302273,.,C,T,.,PASS,AC=1900;AN=5096;DP=16053;AF=0.37;EAS_AF=0.63;EUR_AF=0.14;AFR_AF=0.44;AMR_AF=0.21;SAS_AF=0.37;VT=SNP;NS=2548,GT,1|1
9,132302581,.,A,AC,.,PASS,AC=1150;AN=5096;DP=14494;AF=0.23;EAS_AF=0.41;EUR_AF=0.07;AFR_AF=0.29;AMR_AF=0.1;SAS_AF=0.18;VT=INDEL;NS=2548,GT,1|1
9,132302879,.,T,C,.,PASS,AC=2248;AN=5096;DP=17784;AF=0.44;EAS_AF=0.63;EUR_AF=0.14;AFR_AF=0.69;AMR_AF=0.23;SAS_AF=0.37;VT=SNP;NS=2548,GT,1|1
9,132303069,.,A,G,.,PASS,AC=2248;AN=5096;DP=18528;AF=0.44;EAS_AF=0.63;EUR_AF=0.14;AFR_AF=0.69;AMR_AF=0.23;SAS_AF=0.37;VT=SNP;NS=2548,GT,1|1
9,132303214,.,C,G,.,PASS,AC=1909;AN=5096;DP=16044;AF=0.37;EAS_AF=0.64;EUR_AF=0.14;AFR_AF=0.45;AMR_AF=0.21;SAS_AF=0.37;VT=SNP;NS=2548,GT,1|1
9,132303815,.,C,T,.,PASS,AC=2254;AN=5096;DP=18219;AF=0.44;EAS_AF=0.64;EUR_AF=0.14;AFR_AF=0.69;AMR_AF=0.23;SAS_AF=0.37;VT=SNP;NS=2548,GT,1|1
9,132303977,.,T,C,.,PASS,AC=1909;AN=5096;DP=16231;AF=0.37;EAS_AF=0.64;EUR_AF=0.14;AFR_AF=0.45;AMR_AF=0.21;SAS_AF=0.37;VT=SNP;NS=2548,GT,1|1
9,132304001,.,A,C,.,PASS,AC=5078;AN=5096;DP=16948;AF=1;EAS_AF=1;EUR_AF=0.99;AFR_AF=1;AMR_AF=0.99;SAS_AF=1;VT=SNP;NS=2548,GT,1|1
9,132304156,.,G,C,.,PASS,AC=1907;AN=5096;DP=19189;AF=0.37;EAS_AF=0.64;EUR_AF=0.14;AFR_AF=0.44;AMR_AF=0.21;SAS_AF=0.37;VT=SNP;NS=2548,GT,1|1
9,132304188,.,T,A,.,PASS,AC=1962;AN=5096;DP=18867;AF=0.39;EAS_AF=0.64;EUR_AF=0.14;AFR_AF=0.48;AMR_AF=0.21;SAS_AF=0.37;VT=SNP;NS=2548,GT,1|1
9,132305071,.,C,T,.,PASS,AC=1878;AN=5096;DP=17093;AF=0.37;EAS_AF=0.63;EUR_AF=0.13;AFR_AF=0.44;AMR_AF=0.19;SAS_AF=0.37;VT=SNP;NS=2548,GT,1|1
9,132305072,.,A,G,.,PASS,AC=2227;AN=5096;DP=17054;AF=0.44;EAS_AF=0.63;EUR_AF=0.13;AFR_AF=0.69;AMR_AF=0.21;SAS_AF=0.37;VT=SNP;NS=2548,GT,1|1
9,132305076,.,G,A,.,PASS,AC=1879;AN=5096;DP=16965;AF=0.37;EAS_AF=0.63;EUR_AF=0.13;AFR_AF=0.44;AMR_AF=0.2;SAS_AF=0.37;VT=SNP;NS=2548,GT,1|1
9,132305078,.,A,G,.,PASS,AC=1881;AN=5096;DP=17067;AF=0.37;EAS_AF=0.63;EUR_AF=0.13;AFR_AF=0.44;AMR_AF=0.19;SAS_AF=0.37;VT=SNP;NS=2548,GT,1|1
9,132305278,.,C,T,.,PASS,AC=1156;AN=5096;DP=13360;AF=0.23;EAS_AF=0.42;EUR_AF=0.07;AFR_AF=0.29;AMR_AF=0.1;SAS_AF=0.18;VT=SNP;NS=2548,GT,1|1
9,132305417,.,AT,A,.,PASS,AC=1750;AN=5096;DP=16786;AF=0.34;EAS_AF=0.6;EUR_AF=0.1;AFR_AF=0.44;AMR_AF=0.18;SAS_AF=0.31;VT=INDEL;NS=2548,GT,1|1
9,132305418,.,T,A,.,PASS,AC=2012;AN=5096;DP=16765;AF=0.39;EAS_AF=0.64;EUR_AF=0.14;AFR_AF=0.51;AMR_AF=0.22;SAS_AF=0.38;VT=SNP;NS=2548,GT,1|1
9,132305796,.,A,G,.,PASS,AC=2254;AN=5096;DP=23045;AF=0.44;EAS_AF=0.64;EUR_AF=0.14;AFR_AF=0.69;AMR_AF=0.23;SAS_AF=0.37;VT=SNP;NS=2548,GT,1|1
9,132305887,.,C,T,.,PASS,AC=1911;AN=5096;DP=21561;AF=0.38;EAS_AF=0.64;EUR_AF=0.14;AFR_AF=0.45;AMR_AF=0.21;SAS_AF=0.37;VT=SNP;NS=2548,GT,1|1
9,132305890,.,C,T,.,PASS,AC=1911;AN=5096;DP=21611;AF=0.38;EAS_AF=0.64;EUR_AF=0.14;AFR_AF=0.45;AMR_AF=0.21;SAS_AF=0.37;VT=SNP;NS=2548,GT,1|1
9,132306062,.,C,T,.,PASS,AC=1909;AN=5096;DP=23103;AF=0.37;EAS_AF=0.64;EUR_AF=0.14;AFR_AF=0.45;AMR_AF=0.21;SAS_AF=0.37;VT=SNP;NS=2548,GT,1|1
9,132306142,.,G,T,.,PASS,AC=1904;AN=5096;DP=22676;AF=0.37;EAS_AF=0.63;EUR_AF=0.14;AFR_AF=0.45;AMR_AF=0.21;SAS_AF=0.37;VT=SNP;NS=2548,GT,1|1
9,132307562,.,C,T,.,PASS,AC=2248;AN=5096;DP=19053;AF=0.44;EAS_AF=0.63;EUR_AF=0.14;AFR_AF=0.69;AMR_AF=0.23;SAS_AF=0.37;VT=SNP;NS=2548,GT,1|1
9,132307782,.,G,A,.,PASS,AC=1901;AN=5096;DP=19935;AF=0.37;EAS_AF=0.63;EUR_AF=0.14;AFR_AF=0.45;AMR_AF=0.21;SAS_AF=0.37;VT=SNP;NS=2548,GT,1|1
9,132307868,.,G,A,.,PASS,AC=1861;AN=5096;DP=18502;AF=0.37;EAS_AF=0.63;EUR_AF=0.14;AFR_AF=0.42;AMR_AF=0.21;SAS_AF=0.37;VT=SNP;NS=2548,GT,1|1
9,132308323,.,C,T,.,PASS,AC=1903;AN=5096;DP=20645;AF=0.37;EAS_AF=0.63;EUR_AF=0.14;AFR_AF=0.45;AMR_AF=0.21;SAS_AF=0.37;VT=SNP;NS=2548,GT,1|1
9,132308417,.,A,ATTCAAT,.,PASS,AC=2777;AN=5096;DP=18895;AF=0.54;EAS_AF=0.68;EUR_AF=0.27;AFR_AF=0.83;AMR_AF=0.34;SAS_AF=0.45;VT=INDEL;NS=2548,GT,1|1
9,132308541,.,C,T,.,PASS,AC=1903;AN=5096;DP=19353;AF=0.37;EAS_AF=0.63;EUR_AF=0.14;AFR_AF=0.45;AMR_AF=0.21;SAS_AF=0.37;VT=SNP;NS=2548,GT,1|1
9,132308850,.,A,G,.,PASS,AC=1112;AN=5096;DP=19947;AF=0.22;EAS_AF=0.41;EUR_AF=0.07;AFR_AF=0.27;AMR_AF=0.1;SAS_AF=0.18;VT=SNP;NS=2548,GT,1|1
9,132308881,.,C,T,.,PASS,AC=1900;AN=5096;DP=20250;AF=0.37;EAS_AF=0.63;EUR_AF=0.14;AFR_AF=0.44;AMR_AF=0.21;SAS_AF=0.37;VT=SNP;NS=2548,GT,1|1
9,132309430,.,A,G,.,PASS,AC=1900;AN=5096;DP=19227;AF=0.37;EAS_AF=0.63;EUR_AF=0.14;AFR_AF=0.44;AMR_AF=0.21;SAS_AF=0.37;VT=SNP;NS=2548,GT,1|1
9,132309677,.,T,C,.,PASS,AC=2252;AN=5096;DP=18081;AF=0.44;EAS_AF=0.63;EUR_AF=0.14;AFR_AF=0.69;AMR_AF=0.23;SAS_AF=0.37;VT=SNP;NS=2548,GT,1|1
9,132311112,.,A,G,.,PASS,AC=1906;AN=5096;DP=17521;AF=0.37;EAS_AF=0.63;EUR_AF=0.14;AFR_AF=0.45;AMR_AF=0.21;SAS_AF=0.37;VT=SNP;NS=2548,GT,1|1
9,132311247,.,A,G,.,PASS,AC=2251;AN=5096;DP=18927;AF=0.44;EAS_AF=0.63;EUR_AF=0.14;AFR_AF=0.69;AMR_AF=0.23;SAS_AF=0.37;VT=SNP;NS=2548,GT,1|1
9,132311741,.,G,A,.,PASS,AC=1907;AN=5096;DP=195021;AF=0.37;EAS_AF=0.63;EUR_AF=0.14;AFR_AF=0.45;AMR_AF=0.21;SAS_AF=0.37;EX_TARGET;VT=SNP;NS=2548,GT,1|1
9,132312235,.,T,C,.,PASS,AC=1873;AN=5096;DP=19823;AF=0.37;EAS_AF=0.64;EUR_AF=0.14;AFR_AF=0.42;AMR_AF=0.21;SAS_AF=0.37;VT=SNP;NS=2548,GT,1|1
9,132312933,.,G,A,.,PASS,AC=1849;AN=5096;DP=23899;AF=0.36;EAS_AF=0.62;EUR_AF=0.14;AFR_AF=0.41;AMR_AF=0.21;SAS_AF=0.37;VT=SNP;NS=2548,GT,1|1
9,132313220,.,A,G,.,PASS,AC=1873;AN=5096;DP=20998;AF=0.37;EAS_AF=0.64;EUR_AF=0.14;AFR_AF=0.42;AMR_AF=0.21;SAS_AF=0.37;VT=SNP;NS=2548,GT,1|1
9,132313301,.,C,A,.,PASS,AC=1830;AN=5096;DP=19682;AF=0.36;EAS_AF=0.63;EUR_AF=0.13;AFR_AF=0.42;AMR_AF=0.19;SAS_AF=0.36;VT=SNP;NS=2548,GT,1|1
9,132313548,.,C,T,.,PASS,AC=2253;AN=5096;DP=19127;AF=0.44;EAS_AF=0.64;EUR_AF=0.14;AFR_AF=0.69;AMR_AF=0.23;SAS_AF=0.37;VT=SNP;NS=2548,GT,1|1
9,132313827,.,T,TA,.,PASS,AC=617;AN=5096;DP=19828;AF=0.12;EAS_AF=0.26;EUR_AF=0.05;AFR_AF=0.11;AMR_AF=0.08;SAS_AF=0.09;VT=INDEL;NS=2548,GT,1|1
9,132313931,.,T,G,.,PASS,AC=1636;AN=5096;DP=19555;AF=0.32;EAS_AF=0.57;EUR_AF=0.09;AFR_AF=0.44;AMR_AF=0.17;SAS_AF=0.26;VT=SNP;NS=2548,GT,1|1
9,132313932,.,T,G,.,PASS,AC=1743;AN=5096;DP=19499;AF=0.34;EAS_AF=0.55;EUR_AF=0.13;AFR_AF=0.42;AMR_AF=0.2;SAS_AF=0.34;VT=SNP;NS=2548,GT,1|1
9,132314097,.,A,AC,.,PASS,AC=1802;AN=5096;DP=19334;AF=0.35;EAS_AF=0.6;EUR_AF=0.14;AFR_AF=0.4;AMR_AF=0.2;SAS_AF=0.37;VT=INDEL;NS=2548,GT,1|1
9,132314099,.,T,C,.,PASS,AC=1844;AN=5096;DP=19434;AF=0.36;EAS_AF=0.62;EUR_AF=0.14;AFR_AF=0.41;AMR_AF=0.21;SAS_AF=0.37;VT=SNP;NS=2548,GT,1|1
9,132314428,.,C,T,.,PASS,AC=1914;AN=5096;DP=19791;AF=0.38;EAS_AF=0.63;EUR_AF=0.14;AFR_AF=0.45;AMR_AF=0.21;SAS_AF=0.37;VT=SNP;NS=2548,GT,1|1
9,132314795,.,C,T,.,PASS,AC=495;AN=5096;DP=13051;AF=0.1;EAS_AF=0.23;EUR_AF=0.03;AFR_AF=0.08;AMR_AF=0.07;SAS_AF=0.07;VT=SNP;NS=2548,GT,1|1
9,132316086,.,T,C,.,PASS,AC=1181;AN=5096;DP=22939;AF=0.23;EAS_AF=0.42;EUR_AF=0.07;AFR_AF=0.31;AMR_AF=0.11;SAS_AF=0.18;VT=SNP;NS=2548,GT,1|1
9,132316550,.,G,A,.,PASS,AC=547;AN=5096;DP=22480;AF=0.11;EAS_AF=0.23;EUR_AF=0.03;AFR_AF=0.11;AMR_AF=0.07;SAS_AF=0.07;VT=SNP;NS=2548,GT,1|1
9,132316767,.,C,G,.,PASS,AC=1040;AN=5096;DP=18522;AF=0.2;EAS_AF=0.41;EUR_AF=0.06;AFR_AF=0.24;AMR_AF=0.09;SAS_AF=0.17;VT=SNP;NS=2548,GT,1|1
9,132316951,.,C,T,.,PASS,AC=1910;AN=5096;DP=19816;AF=0.37;EAS_AF=0.63;EUR_AF=0.14;AFR_AF=0.45;AMR_AF=0.21;SAS_AF=0.37;VT=SNP;NS=2548,GT,1|1
9,132317004,.,A,G,.,PASS,AC=1910;AN=5096;DP=21203;AF=0.37;EAS_AF=0.63;EUR_AF=0.14;AFR_AF=0.45;AMR_AF=0.21;SAS_AF=0.37;VT=SNP;NS=2548,GT,1|1
9,132317246,.,G,A,.,PASS,AC=18;AN=5096;DP=22156;AF=0;EAS_AF=0.02;EUR_AF=0;AFR_AF=0;AMR_AF=0;SAS_AF=0;VT=SNP;NS=2548,GT,0|1
9,132317669,.,T,C,.,PASS,AC=493;AN=5096;DP=19220;AF=0.1;EAS_AF=0.23;EUR_AF=0.03;AFR_AF=0.08;AMR_AF=0.07;SAS_AF=0.07;VT=SNP;NS=2548,GT,1|1
9,132318609,.,C,G,.,PASS,AC=1909;AN=5096;DP=24293;AF=0.37;EAS_AF=0.63;EUR_AF=0.14;AFR_AF=0.45;AMR_AF=0.21;SAS_AF=0.37;VT=SNP;NS=2548,GT,1|1
9,132318974,.,G,A,.,PASS,AC=1908;AN=5096;DP=23892;AF=0.37;EAS_AF=0.63;EUR_AF=0.14;AFR_AF=0.45;AMR_AF=0.21;SAS_AF=0.37;VT=SNP;NS=2548,GT,1|1
9,132321032,.,T,A,.,PASS,AC=482;AN=5096;DP=24627;AF=0.09;EAS_AF=0.23;EUR_AF=0.04;AFR_AF=0.07;AMR_AF=0.07;SAS_AF=0.07;VT=SNP;NS=2548,GT,1|1
9,132321059,.,T,A,.,PASS,AC=2071;AN=5096;DP=24025;AF=0.41;EAS_AF=0.63;EUR_AF=0.14;AFR_AF=0.61;AMR_AF=0.22;SAS_AF=0.31;VT=SNP;NS=2548,GT,1|1
9,132322950,.,G,A,.,PASS,AC=1037;AN=5096;DP=19882;AF=0.2;EAS_AF=0.41;EUR_AF=0.06;AFR_AF=0.24;AMR_AF=0.09;SAS_AF=0.17;VT=SNP;NS=2548,GT,1|1
9,132323092,.,T,C,.,PASS,AC=5073;AN=5096;DP=18346;AF=1;EAS_AF=1;EUR_AF=1;AFR_AF=0.98;AMR_AF=1;SAS_AF=1;VT=SNP;NS=2548,GT,1|1
9,132323484,.,G,A,.,PASS,AC=4414;AN=5096;DP=22747;AF=0.87;EAS_AF=0.79;EUR_AF=0.94;AFR_AF=0.89;AMR_AF=0.9;SAS_AF=0.81;VT=SNP;NS=2548,GT,1|1
9,132323547,.,G,GA,.,PASS,AC=1190;AN=5096;DP=22702;AF=0.23;EAS_AF=0.43;EUR_AF=0.07;AFR_AF=0.31;AMR_AF=0.11;SAS_AF=0.19;VT=INDEL;NS=2548,GT,1|1
9,132323821,.,A,G,.,PASS,AC=4374;AN=5096;DP=20809;AF=0.86;EAS_AF=0.79;EUR_AF=0.94;AFR_AF=0.86;AMR_AF=0.9;SAS_AF=0.81;VT=SNP;NS=2548,GT,1|1
9,132323981,.,G,A,.,PASS,AC=1179;AN=5096;DP=20542;AF=0.23;EAS_AF=0.42;EUR_AF=0.07;AFR_AF=0.31;AMR_AF=0.11;SAS_AF=0.18;VT=SNP;NS=2548,GT,1|1
9,132324307,.,G,A,.,PASS,AC=1173;AN=5096;DP=22621;AF=0.23;EAS_AF=0.42;EUR_AF=0.07;AFR_AF=0.31;AMR_AF=0.11;SAS_AF=0.18;VT=SNP;NS=2548,GT,1|1
9,132324821,.,A,G,.,PASS,AC=5072;AN=5096;DP=23517;AF=1;EAS_AF=1;EUR_AF=1;AFR_AF=0.98;AMR_AF=1;SAS_AF=1;VT=SNP;NS=2548,GT,1|1
9,132325079,.,A,G,.,PASS,AC=4373;AN=5096;DP=18557;AF=0.86;EAS_AF=0.79;EUR_AF=0.94;AFR_AF=0.86;AMR_AF=0.9;SAS_AF=0.81;VT=SNP;NS=2548,GT,1|1
9,132325356,.,AAAAAAAG,A,.,PASS,AC=488;AN=5096;DP=20120;AF=0.1;EAS_AF=0.24;EUR_AF=0.03;AFR_AF=0.07;AMR_AF=0.06;SAS_AF=0.07;VT=INDEL;NS=2548,GT,1|1
9,132325403,.,G,A,.,PASS,AC=1168;AN=5096;DP=22155;AF=0.23;EAS_AF=0.42;EUR_AF=0.07;AFR_AF=0.3;AMR_AF=0.11;SAS_AF=0.18;VT=SNP;NS=2548,GT,1|1
9,132325474,.,T,C,.,PASS,AC=1036;AN=5096;DP=21025;AF=0.2;EAS_AF=0.41;EUR_AF=0.06;AFR_AF=0.24;AMR_AF=0.09;SAS_AF=0.17;VT=SNP;NS=2548,GT,1|1
9,132325588,.,C,G,.,PASS,AC=4421;AN=5096;DP=21180;AF=0.87;EAS_AF=0.83;EUR_AF=0.94;AFR_AF=0.86;AMR_AF=0.9;SAS_AF=0.81;VT=SNP;NS=2548,GT,1|1
9,132328143,.,A,C,.,PASS,AC=455;AN=5096;DP=355163;AF=0.09;EAS_AF=0.24;EUR_AF=0.03;AFR_AF=0.05;AMR_AF=0.06;SAS_AF=0.07;EX_TARGET;VT=SNP;NS=2548,GT,1|1
9,132329619,.,G,C,.,PASS,AC=1088;AN=5096;DP=344628;AF=0.21;EAS_AF=0.41;EUR_AF=0.06;AFR_AF=0.27;AMR_AF=0.09;SAS_AF=0.17;EX_TARGET;VT=SNP;NS=2548,GT,1|1
9,132330572,.,A,G,.,PASS,AC=480;AN=5096;DP=71327;AF=0.09;EAS_AF=0.24;EUR_AF=0.03;AFR_AF=0.07;AMR_AF=0.06;SAS_AF=0.07;VT=SNP;NS=2548,GT,1|1
9,132330641,.,T,C,.,PASS,AC=480;AN=5096;DP=44351;AF=0.09;EAS_AF=0.24;EUR_AF=0.03;AFR_AF=0.07;AMR_AF=0.06;SAS_AF=0.07;VT=SNP;NS=2548,GT,1|1
9,132330844,.,G,A,.,PASS,AC=4367;AN=5096;DP=40513;AF=0.86;EAS_AF=0.79;EUR_AF=0.94;AFR_AF=0.86;AMR_AF=0.9;SAS_AF=0.81;VT=SNP;NS=2548,GT,1|1
9,132331592,.,A,G,.,PASS,AC=4408;AN=5096;DP=39193;AF=0.86;EAS_AF=0.79;EUR_AF=0.94;AFR_AF=0.88;AMR_AF=0.9;SAS_AF=0.81;VT=SNP;NS=2548,GT,1|1
9,132332587,.,G,A,.,PASS,AC=1093;AN=5096;DP=23773;AF=0.21;EAS_AF=0.41;EUR_AF=0.06;AFR_AF=0.28;AMR_AF=0.09;SAS_AF=0.17;VT=SNP;NS=2548,GT,1|1
9,132332750,.,G,C,.,PASS,AC=478;AN=5096;DP=18398;AF=0.09;EAS_AF=0.23;EUR_AF=0.03;AFR_AF=0.07;AMR_AF=0.06;SAS_AF=0.07;VT=SNP;NS=2548,GT,1|1
9,132332897,.,T,TAG,.,PASS,AC=4368;AN=5096;DP=16181;AF=0.86;EAS_AF=0.79;EUR_AF=0.94;AFR_AF=0.86;AMR_AF=0.9;SAS_AF=0.81;VT=INDEL;NS=2548,GT,1|1
9,132333458,.,C,T,.,PASS,AC=4099;AN=5096;DP=9199;AF=0.8;EAS_AF=0.72;EUR_AF=0.92;AFR_AF=0.75;AMR_AF=0.88;SAS_AF=0.79;VT=SNP;NS=2548,GT,1|1
9,132333568,.,C,T,.,PASS,AC=4409;AN=5096;DP=13815;AF=0.87;EAS_AF=0.8;EUR_AF=0.94;AFR_AF=0.88;AMR_AF=0.9;SAS_AF=0.81;VT=SNP;NS=2548,GT,1|1
9,132333796,.,C,G,.,PASS,AC=4397;AN=5096;DP=18707;AF=0.86;EAS_AF=0.78;EUR_AF=0.94;AFR_AF=0.88;AMR_AF=0.9;SAS_AF=0.81;VT=SNP;NS=2548,GT,1|1
9,132335350,.,G,C,.,PASS,AC=462;AN=5096;DP=11473;AF=0.09;EAS_AF=0.24;EUR_AF=0.03;AFR_AF=0.06;AMR_AF=0.06;SAS_AF=0.07;VT=SNP;NS=2548,GT,1|1
9,132335366,.,G,A,.,PASS,AC=4223;AN=5096;DP=9964;AF=0.83;EAS_AF=0.79;EUR_AF=0.91;AFR_AF=0.82;AMR_AF=0.88;SAS_AF=0.76;VT=SNP;NS=2548,GT,1|1
9,132335370,.,G,A,.,PASS,AC=4362;AN=5096;DP=9558;AF=0.86;EAS_AF=0.8;EUR_AF=0.93;AFR_AF=0.85;AMR_AF=0.9;SAS_AF=0.81;VT=SNP;NS=2548,GT,1|1
9,132335374,.,G,C,.,PASS,AC=4363;AN=5096;DP=9369;AF=0.86;EAS_AF=0.8;EUR_AF=0.93;AFR_AF=0.85;AMR_AF=0.9;SAS_AF=0.81;VT=SNP;NS=2548,GT,1|1
9,132335899,.,T,C,.,PASS,AC=4360;AN=5096;DP=22341;AF=0.86;EAS_AF=0.78;EUR_AF=0.94;AFR_AF=0.86;AMR_AF=0.9;SAS_AF=0.81;VT=SNP;NS=2548,GT,1|1
9,132336145,.,A,C,.,PASS,AC=1228;AN=5096;DP=54386;AF=0.24;EAS_AF=0.42;EUR_AF=0.09;AFR_AF=0.31;AMR_AF=0.11;SAS_AF=0.21;VT=SNP;NS=2548,GT,1|1
9,132337550,.,C,T,.,PASS,AC=1238;AN=5096;DP=20917;AF=0.24;EAS_AF=0.43;EUR_AF=0.09;AFR_AF=0.31;AMR_AF=0.11;SAS_AF=0.21;VT=SNP;NS=2548,GT,1|1
9,132338199,.,G,C,.,PASS,AC=4356;AN=5096;DP=21282;AF=0.85;EAS_AF=0.78;EUR_AF=0.94;AFR_AF=0.86;AMR_AF=0.9;SAS_AF=0.81;VT=SNP;NS=2548,GT,1|1
9,132339010,.,A,G,.,PASS,AC=4368;AN=5096;DP=19602;AF=0.86;EAS_AF=0.79;EUR_AF=0.94;AFR_AF=0.86;AMR_AF=0.9;SAS_AF=0.81;VT=SNP;NS=2548,GT,1|1
9,132339597,.,C,T,.,PASS,AC=4375;AN=5096;DP=22367;AF=0.86;EAS_AF=0.79;EUR_AF=0.94;AFR_AF=0.86;AMR_AF=0.9;SAS_AF=0.81;VT=SNP;NS=2548,GT,1|1
9,132339900,.,T,C,.,PASS,AC=4368;AN=5096;DP=18253;AF=0.86;EAS_AF=0.79;EUR_AF=0.94;AFR_AF=0.86;AMR_AF=0.9;SAS_AF=0.81;VT=SNP;NS=2548,GT,1|1
9,132340589,.,G,A,.,PASS,AC=471;AN=5096;DP=22912;AF=0.09;EAS_AF=0.23;EUR_AF=0.04;AFR_AF=0.05;AMR_AF=0.07;SAS_AF=0.07;VT=SNP;NS=2548,GT,1|1
9,132340620,.,T,G,.,PASS,AC=1222;AN=5096;DP=23874;AF=0.24;EAS_AF=0.42;EUR_AF=0.09;AFR_AF=0.31;AMR_AF=0.11;SAS_AF=0.21;VT=SNP;NS=2548,GT,1|1
9,132340784,.,A,G,.,PASS,AC=4368;AN=5096;DP=23465;AF=0.86;EAS_AF=0.79;EUR_AF=0.94;AFR_AF=0.86;AMR_AF=0.9;SAS_AF=0.81;VT=SNP;NS=2548,GT,1|1
9,132341158,.,C,A,.,PASS,AC=1220;AN=5096;DP=17537;AF=0.24;EAS_AF=0.42;EUR_AF=0.09;AFR_AF=0.31;AMR_AF=0.11;SAS_AF=0.21;VT=SNP;NS=2548,GT,1|1
9,132341503,.,G,C,.,PASS,AC=5074;AN=5096;DP=17792;AF=1;EAS_AF=1;EUR_AF=1;AFR_AF=0.99;AMR_AF=1;SAS_AF=1;VT=SNP;NS=2548,GT,1|1
9,132341657,.,GC,G,.,PASS,AC=492;AN=5096;DP=22553;AF=0.1;EAS_AF=0.23;EUR_AF=0.04;AFR_AF=0.07;AMR_AF=0.07;SAS_AF=0.07;VT=INDEL;NS=2548,GT,1|1
9,132341658,.,C,A,.,PASS,AC=125;AN=5096;DP=22480;AF=0.02;EAS_AF=0.06;EUR_AF=0.01;AFR_AF=0.02;AMR_AF=0.02;SAS_AF=0.02;VT=SNP;NS=2548,GT,0|1
9,132341659,.,T,A,.,PASS,AC=488;AN=5096;DP=22518;AF=0.1;EAS_AF=0.23;EUR_AF=0.04;AFR_AF=0.07;AMR_AF=0.07;SAS_AF=0.07;VT=SNP;NS=2548,GT,1|1
9,132341869,.,C,T,.,PASS,AC=4374;AN=5096;DP=22632;AF=0.86;EAS_AF=0.79;EUR_AF=0.94;AFR_AF=0.86;AMR_AF=0.9;SAS_AF=0.81;VT=SNP;NS=2548,GT,1|1
9,132341930,.,AC,A,.,PASS,AC=24;AN=5096;DP=22791;AF=0;EAS_AF=0.02;EUR_AF=0;AFR_AF=0;AMR_AF=0;SAS_AF=0;VT=INDEL;NS=2548,GT,1|0
9,132342422,.,T,C,.,PASS,AC=1227;AN=5096;DP=40217;AF=0.24;EAS_AF=0.42;EUR_AF=0.09;AFR_AF=0.31;AMR_AF=0.11;SAS_AF=0.21;VT=SNP;NS=2548,GT,1|1
9,132342660,.,A,G,.,PASS,AC=494;AN=5096;DP=401385;AF=0.1;EAS_AF=0.23;EUR_AF=0.04;AFR_AF=0.07;AMR_AF=0.07;SAS_AF=0.07;EX_TARGET;VT=SNP;NS=2548,GT,1|1
9,132343010,.,C,G,.,PASS,AC=6;AN=5096;DP=30859;AF=0;EAS_AF=0.01;EUR_AF=0;AFR_AF=0;AMR_AF=0;SAS_AF=0;VT=SNP;NS=2548,GT,0|1
9,132343042,.,G,A,.,PASS,AC=494;AN=5096;DP=23767;AF=0.1;EAS_AF=0.23;EUR_AF=0.04;AFR_AF=0.07;AMR_AF=0.07;SAS_AF=0.07;VT=SNP;NS=2548,GT,1|1
9,132343776,.,G,A,.,PASS,AC=4359;AN=5096;DP=20866;AF=0.86;EAS_AF=0.78;EUR_AF=0.94;AFR_AF=0.86;AMR_AF=0.9;SAS_AF=0.81;VT=SNP;NS=2548,GT,1|1
9,132344057,.,G,C,.,PASS,AC=1052;AN=5096;DP=23862;AF=0.21;EAS_AF=0.41;EUR_AF=0.07;AFR_AF=0.24;AMR_AF=0.1;SAS_AF=0.17;VT=SNP;NS=2548,GT,1|1
9,132344692,.,T,C,.,PASS,AC=1108;AN=5096;DP=17042;AF=0.22;EAS_AF=0.41;EUR_AF=0.07;AFR_AF=0.27;AMR_AF=0.1;SAS_AF=0.17;VT=SNP;NS=2548,GT,1|1
9,132345305,.,T,C,.,PASS,AC=4368;AN=5096;DP=20095;AF=0.86;EAS_AF=0.79;EUR_AF=0.94;AFR_AF=0.86;AMR_AF=0.9;SAS_AF=0.81;VT=SNP;NS=2548,GT,1|1
9,132345879,.,C,T,.,PASS,AC=1103;AN=5096;DP=18070;AF=0.22;EAS_AF=0.41;EUR_AF=0.07;AFR_AF=0.27;AMR_AF=0.1;SAS_AF=0.17;VT=SNP;NS=2548,GT,1|1
9,132346210,.,G,A,.,PASS,AC=5074;AN=5096;DP=142956;AF=1;EAS_AF=1;EUR_AF=1;AFR_AF=0.99;AMR_AF=1;SAS_AF=1;VT=SNP;NS=2548,GT,1|1
9,132346834,.,A,G,.,PASS,AC=1223;AN=5096;DP=22466;AF=0.24;EAS_AF=0.42;EUR_AF=0.09;AFR_AF=0.31;AMR_AF=0.11;SAS_AF=0.21;VT=SNP;NS=2548,GT,1|1
9,132347072,.,C,T,.,PASS,AC=4416;AN=5096;DP=18435;AF=0.87;EAS_AF=0.79;EUR_AF=0.94;AFR_AF=0.89;AMR_AF=0.9;SAS_AF=0.81;VT=SNP;NS=2548,GT,1|1
9,132347602,.,A,G,.,PASS,AC=4376;AN=5096;DP=17673;AF=0.86;EAS_AF=0.79;EUR_AF=0.94;AFR_AF=0.86;AMR_AF=0.9;SAS_AF=0.81;VT=SNP;NS=2548,GT,1|1
9,132348312,.,A,G,.,PASS,AC=4356;AN=5096;DP=14015;AF=0.85;EAS_AF=0.78;EUR_AF=0.94;AFR_AF=0.86;AMR_AF=0.9;SAS_AF=0.81;VT=SNP;NS=2548,GT,1|1
9,132348378,.,C,A,.,PASS,AC=4218;AN=5096;DP=14711;AF=0.83;EAS_AF=0.75;EUR_AF=0.92;AFR_AF=0.81;AMR_AF=0.88;SAS_AF=0.8;VT=SNP;NS=2548,GT,0|1
9,132348699,.,A,G,.,PASS,AC=4357;AN=5096;DP=20139;AF=0.85;EAS_AF=0.78;EUR_AF=0.94;AFR_AF=0.86;AMR_AF=0.9;SAS_AF=0.81;VT=SNP;NS=2548,GT,1|1
9,132350267,.,C,T,.,PASS,AC=4040;AN=5096;DP=21253;AF=0.79;EAS_AF=0.75;EUR_AF=0.91;AFR_AF=0.71;AMR_AF=0.88;SAS_AF=0.76;VT=SNP;NS=2548,GT,1|1
9,132351249,.,G,T,.,PASS,AC=569;AN=5096;DP=19323;AF=0.11;EAS_AF=0.23;EUR_AF=0.05;AFR_AF=0.13;AMR_AF=0.08;SAS_AF=0.06;VT=SNP;NS=2548,GT,1|1
9,132352104,.,G,C,.,PASS,AC=5073;AN=5096;DP=23764;AF=1;EAS_AF=1;EUR_AF=1;AFR_AF=0.98;AMR_AF=1;SAS_AF=1;VT=SNP;NS=2548,GT,1|1
9,132352289,.,C,A,.,PASS,AC=485;AN=5096;DP=25284;AF=0.1;EAS_AF=0.24;EUR_AF=0.04;AFR_AF=0.06;AMR_AF=0.07;SAS_AF=0.06;VT=SNP;NS=2548,GT,1|1
9,132352526,.,A,C,.,PASS,AC=5073;AN=5096;DP=22434;AF=1;EAS_AF=1;EUR_AF=1;AFR_AF=0.98;AMR_AF=1;SAS_AF=1;VT=SNP;NS=2548,GT,1|1
9,132352634,.,G,C,.,PASS,AC=4281;AN=5096;DP=22502;AF=0.84;EAS_AF=0.8;EUR_AF=0.92;AFR_AF=0.81;AMR_AF=0.89;SAS_AF=0.82;VT=SNP;NS=2548,GT,1|1
9,132352995,.,G,A,.,PASS,AC=5072;AN=5096;DP=24063;AF=1;EAS_AF=1;EUR_AF=1;AFR_AF=0.98;AMR_AF=1;SAS_AF=1;VT=SNP;NS=2548,GT,1|1
9,132353219,.,C,T,.,PASS,AC=495;AN=5096;DP=21779;AF=0.1;EAS_AF=0.24;EUR_AF=0.05;AFR_AF=0.07;AMR_AF=0.07;SAS_AF=0.06;VT=SNP;NS=2548,GT,1|1
9,132354078,.,T,A,.,PASS,AC=495;AN=5096;DP=22563;AF=0.1;EAS_AF=0.24;EUR_AF=0.05;AFR_AF=0.07;AMR_AF=0.07;SAS_AF=0.06;VT=SNP;NS=2548,GT,1|1
9,132354835,.,C,T,.,PASS,AC=472;AN=5096;DP=12960;AF=0.09;EAS_AF=0.24;EUR_AF=0.04;AFR_AF=0.05;AMR_AF=0.07;SAS_AF=0.06;VT=SNP;NS=2548,GT,1|1
9,132355217,.,G,A,.,PASS,AC=507;AN=5096;DP=13932;AF=0.1;EAS_AF=0.24;EUR_AF=0.05;AFR_AF=0.08;AMR_AF=0.07;SAS_AF=0.06;VT=SNP;NS=2548,GT,1|1
9,132355271,.,T,C,.,PASS,AC=4213;AN=5096;DP=15442;AF=0.83;EAS_AF=0.8;EUR_AF=0.92;AFR_AF=0.76;AMR_AF=0.88;SAS_AF=0.82;VT=SNP;NS=2548,GT,1|1
9,132355345,.,TTTC,T,.,PASS,AC=496;AN=5096;DP=17026;AF=0.1;EAS_AF=0.23;EUR_AF=0.05;AFR_AF=0.07;AMR_AF=0.07;SAS_AF=0.06;VT=INDEL;NS=2548,GT,1|1
9,132355351,.,CTTT,C,.,PASS,AC=495;AN=5096;DP=17146;AF=0.1;EAS_AF=0.23;EUR_AF=0.04;AFR_AF=0.07;AMR_AF=0.07;SAS_AF=0.06;VT=INDEL;NS=2548,GT,1|1
9,132355999,.,A,G,.,PASS,AC=371;AN=5096;DP=13593;AF=0.07;EAS_AF=0.17;EUR_AF=0.04;AFR_AF=0.05;AMR_AF=0.05;SAS_AF=0.05;VT=SNP;NS=2548,GT,1|1
