#CHROM,POS,ID,REF,ALT,QUAL,FILTER,INFO,FORMAT,HG01858
3,87227549,.,C,T,.,PASS,AC=549;AN=5096;DP=276161;AF=0.11;EAS_AF=0.18;EUR_AF=0.07;AFR_AF=0.11;AMR_AF=0.07;SAS_AF=0.09;EX_TARGET;VT=SNP;NS=2548,GT,1|0
3,87227912,.,G,A,.,PASS,AC=1526;AN=5096;DP=24556;AF=0.3;EAS_AF=0.3;EUR_AF=0.13;AFR_AF=0.63;AMR_AF=0.14;SAS_AF=0.15;VT=SNP;NS=2548,GT,1|0
3,87229139,.,A,G,.,PASS,AC=2728;AN=5096;DP=18694;AF=0.54;EAS_AF=0.47;EUR_AF=0.58;AFR_AF=0.65;AMR_AF=0.48;SAS_AF=0.45;VT=SNP;NS=2548,GT,1|1
3,87229424,.,A,G,.,PASS,AC=1222;AN=5096;DP=18974;AF=0.24;EAS_AF=0.19;EUR_AF=0.45;AFR_AF=0.02;AMR_AF=0.34;SAS_AF=0.29;VT=SNP;NS=2548,GT,0|1
3,87229438,.,CATACTTGATGT,C,.,PASS,AC=2182;AN=5096;DP=18332;AF=0.43;EAS_AF=0.28;EUR_AF=0.51;AFR_AF=0.54;AMR_AF=0.41;SAS_AF=0.37;VT=INDEL;NS=2548,GT,0|1
3,87230168,.,C,G,.,PASS,AC=1228;AN=5096;DP=20529;AF=0.24;EAS_AF=0.19;EUR_AF=0.45;AFR_AF=0.02;AMR_AF=0.34;SAS_AF=0.3;VT=SNP;NS=2548,GT,0|1
3,87230938,.,C,T,.,PASS,AC=1223;AN=5096;DP=22777;AF=0.24;EAS_AF=0.19;EUR_AF=0.45;AFR_AF=0.02;AMR_AF=0.34;SAS_AF=0.29;VT=SNP;NS=2548,GT,0|1
3,87234036,.,GC,G,.,PASS,AC=542;AN=5096;DP=19052;AF=0.11;EAS_AF=0.18;EUR_AF=0.07;AFR_AF=0.11;AMR_AF=0.07;SAS_AF=0.09;VT=INDEL;NS=2548,GT,1|0
3,87234703,.,T,C,.,PASS,AC=114;AN=5096;DP=21724;AF=0.02;EAS_AF=0.11;EUR_AF=0;AFR_AF=0;AMR_AF=0;SAS_AF=0.01;VT=SNP;NS=2548,GT,1|0
3,87234722,.,G,C,.,PASS,AC=4656;AN=5096;DP=20896;AF=0.91;EAS_AF=0.87;EUR_AF=0.89;AFR_AF=0.98;AMR_AF=0.92;SAS_AF=0.89;VT=SNP;NS=2548,GT,1|1
3,87235840,.,C,T,.,PASS,AC=540;AN=5096;DP=18804;AF=0.11;EAS_AF=0.18;EUR_AF=0.07;AFR_AF=0.11;AMR_AF=0.07;SAS_AF=0.09;VT=SNP;NS=2548,GT,1|0
3,87236294,.,A,G,.,PASS,AC=4129;AN=5096;DP=20986;AF=0.81;EAS_AF=0.89;EUR_AF=0.94;AFR_AF=0.5;AMR_AF=0.94;SAS_AF=0.93;VT=SNP;NS=2548,GT,1|1
3,87236418,.,G,GA,.,PASS,AC=53;AN=5096;DP=21855;AF=0.01;EAS_AF=0.05;EUR_AF=0;AFR_AF=0;AMR_AF=0;SAS_AF=0;VT=INDEL;NS=2548,GT,1|0
3,87236955,.,C,T,.,PASS,AC=1223;AN=5096;DP=20049;AF=0.24;EAS_AF=0.19;EUR_AF=0.45;AFR_AF=0.02;AMR_AF=0.34;SAS_AF=0.29;VT=SNP;NS=2548,GT,0|1
3,87237073,.,G,A,.,PASS,AC=1223;AN=5096;DP=20837;AF=0.24;EAS_AF=0.19;EUR_AF=0.45;AFR_AF=0.02;AMR_AF=0.34;SAS_AF=0.29;VT=SNP;NS=2548,GT,0|1
3,87237089,.,A,G,.,PASS,AC=4971;AN=5096;DP=20668;AF=0.98;EAS_AF=1;EUR_AF=1;AFR_AF=0.91;AMR_AF=1;SAS_AF=1;VT=SNP;NS=2548,GT,1|1
3,87238425,.,T,C,.,PASS,AC=4809;AN=5096;DP=19359;AF=0.94;EAS_AF=1;EUR_AF=1;AFR_AF=0.79;AMR_AF=0.99;SAS_AF=1;VT=SNP;NS=2548,GT,1|1
3,87241239,.,A,G,.,PASS,AC=1224;AN=5096;DP=19926;AF=0.24;EAS_AF=0.19;EUR_AF=0.45;AFR_AF=0.02;AMR_AF=0.34;SAS_AF=0.29;VT=SNP;NS=2548,GT,0|1
3,87242730,.,G,C,.,PASS,AC=1222;AN=5096;DP=20755;AF=0.24;EAS_AF=0.19;EUR_AF=0.45;AFR_AF=0.02;AMR_AF=0.34;SAS_AF=0.29;VT=SNP;NS=2548,GT,0|1
3,87244030,.,T,G,.,PASS,AC=2531;AN=5096;DP=18786;AF=0.5;EAS_AF=0.53;EUR_AF=0.73;AFR_AF=0.06;AMR_AF=0.72;SAS_AF=0.64;VT=SNP;NS=2548,GT,0|1
3,87244230,.,A,G,.,PASS,AC=1224;AN=5096;DP=13076;AF=0.24;EAS_AF=0.19;EUR_AF=0.45;AFR_AF=0.02;AMR_AF=0.34;SAS_AF=0.29;VT=SNP;NS=2548,GT,0|1
3,87245899,.,T,C,.,PASS,AC=4165;AN=5096;DP=222219;AF=0.82;EAS_AF=0.91;EUR_AF=0.94;AFR_AF=0.51;AMR_AF=0.94;SAS_AF=0.93;EX_TARGET;VT=SNP;NS=2548,GT,1|1
3,87246218,.,T,A,.,PASS,AC=2916;AN=5096;DP=18433;AF=0.57;EAS_AF=0.72;EUR_AF=0.49;AFR_AF=0.46;AMR_AF=0.59;SAS_AF=0.64;VT=SNP;NS=2548,GT,1|0
3,87246546,.,G,A,.,PASS,AC=4141;AN=5096;DP=20113;AF=0.81;EAS_AF=0.91;EUR_AF=0.94;AFR_AF=0.49;AMR_AF=0.94;SAS_AF=0.93;VT=SNP;NS=2548,GT,1|1
3,87248158,.,C,T,.,PASS,AC=1224;AN=5096;DP=16527;AF=0.24;EAS_AF=0.19;EUR_AF=0.45;AFR_AF=0.02;AMR_AF=0.34;SAS_AF=0.29;VT=SNP;NS=2548,GT,0|1
3,87249033,.,T,C,.,PASS,AC=555;AN=5096;DP=20387;AF=0.11;EAS_AF=0.18;EUR_AF=0.07;AFR_AF=0.12;AMR_AF=0.07;SAS_AF=0.09;VT=SNP;NS=2548,GT,1|0
3,87249925,.,A,C,.,PASS,AC=542;AN=5096;DP=259198;AF=0.11;EAS_AF=0.18;EUR_AF=0.07;AFR_AF=0.11;AMR_AF=0.07;SAS_AF=0.09;EX_TARGET;VT=SNP;NS=2548,GT,1|0
