#CHROM,POS,ID,REF,ALT,QUAL,FILTER,INFO,FORMAT,HG01873
8,28090234,.,A,T,.,PASS,AC=726;AN=5096;DP=20850;AF=0.14;EAS_AF=0.33;EUR_AF=0.03;AFR_AF=0.13;AMR_AF=0.21;SAS_AF=0.04;VT=SNP;NS=2548,GT,1|0
8,28090733,.,G,A,.,PASS,AC=717;AN=5096;DP=18930;AF=0.14;EAS_AF=0.33;EUR_AF=0.03;AFR_AF=0.13;AMR_AF=0.21;SAS_AF=0.04;VT=SNP;NS=2548,GT,1|0
8,28090904,.,C,T,.,PASS,AC=3337;AN=5096;DP=15368;AF=0.65;EAS_AF=0.83;EUR_AF=0.43;AFR_AF=0.81;AMR_AF=0.6;SAS_AF=0.54;VT=SNP;NS=2548,GT,1|0
8,28092148,.,T,C,.,PASS,AC=699;AN=5096;DP=24140;AF=0.14;EAS_AF=0.33;EUR_AF=0.03;AFR_AF=0.11;AMR_AF=0.21;SAS_AF=0.04;VT=SNP;NS=2548,GT,1|0
8,28094746,.,AG,A,.,PASS,AC=3584;AN=5096;DP=19436;AF=0.7;EAS_AF=0.92;EUR_AF=0.46;AFR_AF=0.84;AMR_AF=0.67;SAS_AF=0.56;VT=INDEL;NS=2548,GT,1|0
8,28094747,.,G,A,.,PASS,AC=3589;AN=5096;DP=19402;AF=0.7;EAS_AF=0.92;EUR_AF=0.47;AFR_AF=0.84;AMR_AF=0.67;SAS_AF=0.57;VT=SNP;NS=2548,GT,1|0
8,28097460,.,CT,C,.,PASS,AC=1519;AN=5096;DP=56570;AF=0.3;EAS_AF=0.37;EUR_AF=0.2;AFR_AF=0.39;AMR_AF=0.22;SAS_AF=0.26;VT=INDEL;NS=2548,GT,0|1
8,28099084,.,C,A,.,PASS,AC=3620;AN=5096;DP=20445;AF=0.71;EAS_AF=0.92;EUR_AF=0.47;AFR_AF=0.86;AMR_AF=0.68;SAS_AF=0.57;VT=SNP;NS=2548,GT,1|0
8,28100031,.,C,T,.,PASS,AC=1;AN=5096;DP=162324;AF=0;EAS_AF=0;EUR_AF=0;AFR_AF=0;AMR_AF=0;SAS_AF=0;VT=SNP;NS=2548,GT,1|0
8,28101314,.,A,G,.,PASS,AC=3612;AN=5096;DP=10188;AF=0.71;EAS_AF=0.92;EUR_AF=0.46;AFR_AF=0.86;AMR_AF=0.68;SAS_AF=0.57;VT=SNP;NS=2548,GT,1|0
8,28101590,.,C,CT,.,PASS,AC=2876;AN=5096;DP=17992;AF=0.56;EAS_AF=0.75;EUR_AF=0.42;AFR_AF=0.58;AMR_AF=0.58;SAS_AF=0.49;VT=INDEL;NS=2548,GT,1|0
8,28101823,.,G,C,.,PASS,AC=3614;AN=5096;DP=21467;AF=0.71;EAS_AF=0.92;EUR_AF=0.46;AFR_AF=0.86;AMR_AF=0.68;SAS_AF=0.57;VT=SNP;NS=2548,GT,1|0
8,28102096,.,G,A,.,PASS,AC=612;AN=5096;DP=26527;AF=0.12;EAS_AF=0.07;EUR_AF=0.18;AFR_AF=0.01;AMR_AF=0.12;SAS_AF=0.27;VT=SNP;NS=2548,GT,0|1
8,28102768,.,C,G,.,PASS,AC=3616;AN=5096;DP=22803;AF=0.71;EAS_AF=0.92;EUR_AF=0.47;AFR_AF=0.86;AMR_AF=0.68;SAS_AF=0.57;VT=SNP;NS=2548,GT,1|0
8,28103633,.,A,G,.,PASS,AC=3610;AN=5096;DP=20636;AF=0.71;EAS_AF=0.92;EUR_AF=0.46;AFR_AF=0.86;AMR_AF=0.67;SAS_AF=0.57;VT=SNP;NS=2548,GT,1|0
8,28104059,.,T,A,.,PASS,AC=3266;AN=5096;DP=24429;AF=0.64;EAS_AF=0.89;EUR_AF=0.46;AFR_AF=0.63;AMR_AF=0.66;SAS_AF=0.57;VT=SNP;NS=2548,GT,1|0
8,28104362,.,C,T,.,PASS,AC=3596;AN=5096;DP=22707;AF=0.71;EAS_AF=0.9;EUR_AF=0.46;AFR_AF=0.86;AMR_AF=0.67;SAS_AF=0.57;VT=SNP;NS=2548,GT,1|0
8,28104696,.,A,G,.,PASS,AC=3598;AN=5096;DP=22559;AF=0.71;EAS_AF=0.9;EUR_AF=0.46;AFR_AF=0.86;AMR_AF=0.68;SAS_AF=0.57;VT=SNP;NS=2548,GT,1|0
8,28104990,.,G,A,.,PASS,AC=708;AN=5096;DP=24214;AF=0.14;EAS_AF=0.34;EUR_AF=0.03;AFR_AF=0.11;AMR_AF=0.21;SAS_AF=0.04;VT=SNP;NS=2548,GT,1|0
8,28107339,.,G,C,.,PASS,AC=3196;AN=5096;DP=21073;AF=0.63;EAS_AF=0.89;EUR_AF=0.48;AFR_AF=0.56;AMR_AF=0.65;SAS_AF=0.58;VT=SNP;NS=2548,GT,1|0
8,28108723,.,T,C,.,PASS,AC=3598;AN=5096;DP=20587;AF=0.71;EAS_AF=0.92;EUR_AF=0.47;AFR_AF=0.85;AMR_AF=0.68;SAS_AF=0.57;VT=SNP;NS=2548,GT,1|0
8,28108774,.,T,A,.,PASS,AC=712;AN=5096;DP=21125;AF=0.14;EAS_AF=0.34;EUR_AF=0.03;AFR_AF=0.11;AMR_AF=0.21;SAS_AF=0.04;VT=SNP;NS=2548,GT,1|0
8,28109848,.,G,A,.,PASS,AC=3574;AN=5096;DP=20334;AF=0.7;EAS_AF=0.9;EUR_AF=0.46;AFR_AF=0.85;AMR_AF=0.67;SAS_AF=0.57;VT=SNP;NS=2548,GT,1|0
8,28110339,.,A,G,.,PASS,AC=3244;AN=5096;DP=297001;AF=0.64;EAS_AF=0.89;EUR_AF=0.46;AFR_AF=0.61;AMR_AF=0.66;SAS_AF=0.57;VT=SNP;NS=2548,GT,1|0
8,28113443,.,G,T,.,PASS,AC=903;AN=5096;DP=23107;AF=0.18;EAS_AF=0.3;EUR_AF=0.1;AFR_AF=0.16;AMR_AF=0.11;SAS_AF=0.19;VT=SNP;NS=2548,GT,0|1
8,28114493,.,A,C,.,PASS,AC=689;AN=5096;DP=23695;AF=0.14;EAS_AF=0.34;EUR_AF=0.03;AFR_AF=0.09;AMR_AF=0.21;SAS_AF=0.04;VT=SNP;NS=2548,GT,1|0
8,28114845,.,A,T,.,PASS,AC=3599;AN=5096;DP=30843;AF=0.71;EAS_AF=0.92;EUR_AF=0.47;AFR_AF=0.85;AMR_AF=0.68;SAS_AF=0.57;VT=SNP;NS=2548,GT,1|0
8,28115046,.,T,C,.,PASS,AC=3599;AN=5096;DP=26624;AF=0.71;EAS_AF=0.92;EUR_AF=0.47;AFR_AF=0.85;AMR_AF=0.68;SAS_AF=0.57;VT=SNP;NS=2548,GT,1|0
8,28115698,.,A,G,.,PASS,AC=3599;AN=5096;DP=24379;AF=0.71;EAS_AF=0.92;EUR_AF=0.47;AFR_AF=0.85;AMR_AF=0.68;SAS_AF=0.57;VT=SNP;NS=2548,GT,1|0
8,28116016,.,G,C,.,PASS,AC=3244;AN=5096;DP=22576;AF=0.64;EAS_AF=0.89;EUR_AF=0.46;AFR_AF=0.61;AMR_AF=0.66;SAS_AF=0.57;VT=SNP;NS=2548,GT,1|0
8,28116164,.,C,G,.,PASS,AC=3244;AN=5096;DP=20204;AF=0.64;EAS_AF=0.89;EUR_AF=0.46;AFR_AF=0.61;AMR_AF=0.66;SAS_AF=0.57;VT=SNP;NS=2548,GT,1|0
8,28116261,.,C,G,.,PASS,AC=3599;AN=5096;DP=20233;AF=0.71;EAS_AF=0.92;EUR_AF=0.47;AFR_AF=0.85;AMR_AF=0.68;SAS_AF=0.57;VT=SNP;NS=2548,GT,1|0
8,28116403,.,A,C,.,PASS,AC=687;AN=5096;DP=22512;AF=0.13;EAS_AF=0.34;EUR_AF=0.03;AFR_AF=0.09;AMR_AF=0.21;SAS_AF=0.04;VT=SNP;NS=2548,GT,1|0
8,28119821,.,T,C,.,PASS,AC=3165;AN=5096;DP=13636;AF=0.62;EAS_AF=0.89;EUR_AF=0.46;AFR_AF=0.56;AMR_AF=0.66;SAS_AF=0.57;VT=SNP;NS=2548,GT,1|0
8,28120066,.,G,A,.,PASS,AC=3559;AN=5096;DP=22105;AF=0.7;EAS_AF=0.92;EUR_AF=0.46;AFR_AF=0.82;AMR_AF=0.68;SAS_AF=0.57;VT=SNP;NS=2548,GT,1|0
8,28120409,.,T,G,.,PASS,AC=1;AN=5096;DP=21626;AF=0;EAS_AF=0;EUR_AF=0;AFR_AF=0;AMR_AF=0;SAS_AF=0;VT=SNP;NS=2548,GT,1|0
8,28120465,.,A,G,.,PASS,AC=687;AN=5096;DP=22689;AF=0.13;EAS_AF=0.34;EUR_AF=0.03;AFR_AF=0.09;AMR_AF=0.21;SAS_AF=0.04;VT=SNP;NS=2548,GT,1|0
8,28121321,.,A,T,.,PASS,AC=814;AN=5096;DP=10178;AF=0.16;EAS_AF=0.35;EUR_AF=0.07;AFR_AF=0.09;AMR_AF=0.12;SAS_AF=0.18;VT=SNP;NS=2548,GT,1|0
8,28121323,.,TA,T,.,PASS,AC=4475;AN=5096;DP=9955;AF=0.88;EAS_AF=0.94;EUR_AF=0.89;AFR_AF=0.78;AMR_AF=0.91;SAS_AF=0.91;VT=INDEL;NS=2548,GT,1|1
8,28121324,.,A,T,.,PASS,AC=4348;AN=5096;DP=9889;AF=0.85;EAS_AF=0.9;EUR_AF=0.87;AFR_AF=0.77;AMR_AF=0.88;SAS_AF=0.88;VT=SNP;NS=2548,GT,1|1
8,28121439,.,C,T,.,PASS,AC=919;AN=5096;DP=12549;AF=0.18;EAS_AF=0.34;EUR_AF=0.03;AFR_AF=0.26;AMR_AF=0.22;SAS_AF=0.04;VT=SNP;NS=2548,GT,1|0
8,28121599,.,T,C,.,PASS,AC=3564;AN=5096;DP=14309;AF=0.7;EAS_AF=0.92;EUR_AF=0.46;AFR_AF=0.83;AMR_AF=0.68;SAS_AF=0.57;VT=SNP;NS=2548,GT,1|0
8,28123136,.,A,G,.,PASS,AC=687;AN=5096;DP=19325;AF=0.13;EAS_AF=0.34;EUR_AF=0.03;AFR_AF=0.09;AMR_AF=0.21;SAS_AF=0.04;VT=SNP;NS=2548,GT,1|0
8,28123209,.,G,T,.,PASS,AC=3604;AN=5096;DP=19271;AF=0.71;EAS_AF=0.92;EUR_AF=0.47;AFR_AF=0.85;AMR_AF=0.68;SAS_AF=0.57;VT=SNP;NS=2548,GT,1|0
8,28123243,.,T,C,.,PASS,AC=3567;AN=5096;DP=18018;AF=0.7;EAS_AF=0.92;EUR_AF=0.46;AFR_AF=0.83;AMR_AF=0.68;SAS_AF=0.57;VT=SNP;NS=2548,GT,1|0
8,28123260,.,A,C,.,PASS,AC=3250;AN=5096;DP=18308;AF=0.64;EAS_AF=0.9;EUR_AF=0.46;AFR_AF=0.61;AMR_AF=0.66;SAS_AF=0.57;VT=SNP;NS=2548,GT,1|0
8,28123828,.,G,GTCACAGCC,.,PASS,AC=3542;AN=5096;DP=21100;AF=0.7;EAS_AF=0.9;EUR_AF=0.46;AFR_AF=0.82;AMR_AF=0.67;SAS_AF=0.57;VT=INDEL;NS=2548,GT,1|0
8,28124799,.,C,T,.,PASS,AC=3158;AN=5096;DP=19293;AF=0.62;EAS_AF=0.89;EUR_AF=0.46;AFR_AF=0.55;AMR_AF=0.65;SAS_AF=0.57;VT=SNP;NS=2548,GT,1|0
8,28125353,.,G,A,.,PASS,AC=3543;AN=5096;DP=23493;AF=0.7;EAS_AF=0.9;EUR_AF=0.46;AFR_AF=0.82;AMR_AF=0.67;SAS_AF=0.57;VT=SNP;NS=2548,GT,1|0
8,28126960,.,C,A,.,PASS,AC=3594;AN=5096;DP=16488;AF=0.71;EAS_AF=0.92;EUR_AF=0.47;AFR_AF=0.85;AMR_AF=0.68;SAS_AF=0.57;VT=SNP;NS=2548,GT,1|0
8,28127661,.,A,G,.,PASS,AC=3244;AN=5096;DP=19036;AF=0.64;EAS_AF=0.89;EUR_AF=0.46;AFR_AF=0.61;AMR_AF=0.66;SAS_AF=0.57;VT=SNP;NS=2548,GT,1|0
8,28128239,.,C,T,.,PASS,AC=3461;AN=5096;DP=17753;AF=0.68;EAS_AF=0.89;EUR_AF=0.46;AFR_AF=0.77;AMR_AF=0.67;SAS_AF=0.57;VT=SNP;NS=2548,GT,1|0
8,28128349,.,A,G,.,PASS,AC=3563;AN=5096;DP=19026;AF=0.7;EAS_AF=0.92;EUR_AF=0.46;AFR_AF=0.83;AMR_AF=0.67;SAS_AF=0.57;VT=SNP;NS=2548,GT,1|0
8,28130356,.,C,T,.,PASS,AC=709;AN=5096;DP=20773;AF=0.14;EAS_AF=0.34;EUR_AF=0.03;AFR_AF=0.11;AMR_AF=0.21;SAS_AF=0.04;VT=SNP;NS=2548,GT,1|0
8,28130795,.,A,G,.,PASS,AC=3595;AN=5096;DP=25794;AF=0.71;EAS_AF=0.92;EUR_AF=0.46;AFR_AF=0.85;AMR_AF=0.68;SAS_AF=0.57;VT=SNP;NS=2548,GT,1|0
8,28133273,.,T,G,.,PASS,AC=712;AN=5096;DP=17368;AF=0.14;EAS_AF=0.34;EUR_AF=0.03;AFR_AF=0.11;AMR_AF=0.21;SAS_AF=0.04;VT=SNP;NS=2548,GT,1|0
8,28133453,.,C,T,.,PASS,AC=3250;AN=5096;DP=15110;AF=0.64;EAS_AF=0.89;EUR_AF=0.46;AFR_AF=0.62;AMR_AF=0.66;SAS_AF=0.57;VT=SNP;NS=2548,GT,1|0
8,28133704,.,A,G,.,PASS,AC=1;AN=5096;DP=17556;AF=0;EAS_AF=0;EUR_AF=0;AFR_AF=0;AMR_AF=0;SAS_AF=0;VT=SNP;NS=2548,GT,1|0
8,28134173,.,G,T,.,PASS,AC=3596;AN=5096;DP=17660;AF=0.71;EAS_AF=0.92;EUR_AF=0.47;AFR_AF=0.85;AMR_AF=0.68;SAS_AF=0.57;VT=SNP;NS=2548,GT,1|0
8,28134194,.,G,T,.,PASS,AC=684;AN=5096;DP=17332;AF=0.13;EAS_AF=0.34;EUR_AF=0.03;AFR_AF=0.09;AMR_AF=0.21;SAS_AF=0.04;VT=SNP;NS=2548,GT,1|0
8,28134277,.,C,A,.,PASS,AC=685;AN=5096;DP=19344;AF=0.13;EAS_AF=0.34;EUR_AF=0.03;AFR_AF=0.09;AMR_AF=0.21;SAS_AF=0.04;VT=SNP;NS=2548,GT,1|0
8,28134722,.,C,G,.,PASS,AC=923;AN=5096;DP=17043;AF=0.18;EAS_AF=0.34;EUR_AF=0.03;AFR_AF=0.26;AMR_AF=0.22;SAS_AF=0.04;VT=SNP;NS=2548,GT,1|0
8,28135078,.,A,G,.,PASS,AC=3591;AN=5096;DP=17035;AF=0.7;EAS_AF=0.92;EUR_AF=0.46;AFR_AF=0.85;AMR_AF=0.68;SAS_AF=0.57;VT=SNP;NS=2548,GT,1|0
8,28136541,.,T,C,.,PASS,AC=3168;AN=5096;DP=18825;AF=0.62;EAS_AF=0.89;EUR_AF=0.46;AFR_AF=0.56;AMR_AF=0.66;SAS_AF=0.57;VT=SNP;NS=2548,GT,1|0
8,28136546,.,C,T,.,PASS,AC=3598;AN=5096;DP=18935;AF=0.71;EAS_AF=0.92;EUR_AF=0.46;AFR_AF=0.85;AMR_AF=0.68;SAS_AF=0.57;VT=SNP;NS=2548,GT,1|0
8,28136724,.,T,G,.,PASS,AC=3601;AN=5096;DP=21877;AF=0.71;EAS_AF=0.92;EUR_AF=0.47;AFR_AF=0.85;AMR_AF=0.68;SAS_AF=0.57;VT=SNP;NS=2548,GT,1|0
8,28136984,.,C,G,.,PASS,AC=3590;AN=5096;DP=21111;AF=0.7;EAS_AF=0.92;EUR_AF=0.46;AFR_AF=0.85;AMR_AF=0.68;SAS_AF=0.57;VT=SNP;NS=2548,GT,1|0
8,28138849,.,G,A,.,PASS,AC=3622;AN=5096;DP=24326;AF=0.71;EAS_AF=0.92;EUR_AF=0.49;AFR_AF=0.84;AMR_AF=0.69;SAS_AF=0.57;VT=SNP;NS=2548,GT,1|0
8,28139002,.,C,T,.,PASS,AC=509;AN=5096;DP=27368;AF=0.1;EAS_AF=0.07;EUR_AF=0.16;AFR_AF=0.01;AMR_AF=0.1;SAS_AF=0.19;VT=SNP;NS=2548,GT,0|1
8,28139298,.,G,GT,.,PASS,AC=1390;AN=5096;DP=22851;AF=0.27;EAS_AF=0.07;EUR_AF=0.46;AFR_AF=0.17;AMR_AF=0.31;SAS_AF=0.39;VT=INDEL;NS=2548,GT,0|1
8,28139515,.,GA,G,.,PASS,AC=1602;AN=5096;DP=22137;AF=0.31;EAS_AF=0.64;EUR_AF=0.15;AFR_AF=0.23;AMR_AF=0.33;SAS_AF=0.25;VT=INDEL;NS=2548,GT,1|1
8,28139916,.,A,G,.,PASS,AC=3269;AN=5096;DP=20993;AF=0.64;EAS_AF=0.89;EUR_AF=0.5;AFR_AF=0.58;AMR_AF=0.67;SAS_AF=0.59;VT=SNP;NS=2548,GT,1|0
8,28140114,.,TTGTGTGTGTGTG,T,.,PASS,AC=505;AN=5096;DP=18464;AF=0.1;EAS_AF=0.14;EUR_AF=0.06;AFR_AF=0.12;AMR_AF=0.1;SAS_AF=0.06;VT=INDEL;NS=2548,GT,1|0
8,28140346,.,T,A,.,PASS,AC=3541;AN=5096;DP=20415;AF=0.69;EAS_AF=0.89;EUR_AF=0.5;AFR_AF=0.78;AMR_AF=0.69;SAS_AF=0.59;VT=SNP;NS=2548,GT,1|0
8,28140728,.,G,A,.,PASS,AC=687;AN=5096;DP=25419;AF=0.13;EAS_AF=0.34;EUR_AF=0.03;AFR_AF=0.09;AMR_AF=0.21;SAS_AF=0.04;VT=SNP;NS=2548,GT,1|0
8,28140858,.,A,G,.,PASS,AC=3657;AN=5096;DP=26689;AF=0.72;EAS_AF=0.93;EUR_AF=0.5;AFR_AF=0.83;AMR_AF=0.69;SAS_AF=0.59;VT=SNP;NS=2548,GT,1|0
8,28142492,.,A,T,.,PASS,AC=682;AN=5096;DP=24704;AF=0.13;EAS_AF=0.34;EUR_AF=0.03;AFR_AF=0.09;AMR_AF=0.21;SAS_AF=0.04;VT=SNP;NS=2548,GT,1|0
8,28143163,.,A,G,.,PASS,AC=3616;AN=5096;DP=20719;AF=0.71;EAS_AF=0.93;EUR_AF=0.5;AFR_AF=0.81;AMR_AF=0.68;SAS_AF=0.59;VT=SNP;NS=2548,GT,1|0
8,28143491,.,G,A,.,PASS,AC=3456;AN=5096;DP=19785;AF=0.68;EAS_AF=0.9;EUR_AF=0.48;AFR_AF=0.73;AMR_AF=0.67;SAS_AF=0.59;VT=SNP;NS=2548,GT,1|0
8,28144163,.,A,G,.,PASS,AC=2215;AN=5096;DP=17623;AF=0.43;EAS_AF=0.65;EUR_AF=0.29;AFR_AF=0.48;AMR_AF=0.41;SAS_AF=0.32;VT=SNP;NS=2548,GT,1|0
8,28145627,.,T,TG,.,PASS,AC=2229;AN=5096;DP=19646;AF=0.44;EAS_AF=0.65;EUR_AF=0.29;AFR_AF=0.48;AMR_AF=0.42;SAS_AF=0.33;VT=INDEL;NS=2548,GT,1|0
8,28145930,.,A,G,.,PASS,AC=2491;AN=5096;DP=20108;AF=0.49;EAS_AF=0.65;EUR_AF=0.29;AFR_AF=0.66;AMR_AF=0.43;SAS_AF=0.32;VT=SNP;NS=2548,GT,1|0
8,28146257,.,T,C,.,PASS,AC=3587;AN=5096;DP=19941;AF=0.7;EAS_AF=0.91;EUR_AF=0.5;AFR_AF=0.8;AMR_AF=0.68;SAS_AF=0.59;VT=SNP;NS=2548,GT,1|0
8,28146345,.,A,G,.,PASS,AC=2496;AN=5096;DP=21557;AF=0.49;EAS_AF=0.65;EUR_AF=0.29;AFR_AF=0.67;AMR_AF=0.43;SAS_AF=0.33;VT=SNP;NS=2548,GT,1|0
8,28147014,.,A,G,.,PASS,AC=3286;AN=5096;DP=22070;AF=0.64;EAS_AF=0.91;EUR_AF=0.5;AFR_AF=0.58;AMR_AF=0.67;SAS_AF=0.59;VT=SNP;NS=2548,GT,1|0
8,28147793,.,T,A,.,PASS,AC=3108;AN=5096;DP=17657;AF=0.61;EAS_AF=0.9;EUR_AF=0.5;AFR_AF=0.46;AMR_AF=0.66;SAS_AF=0.59;VT=SNP;NS=2548,GT,1|0
8,28147849,.,T,A,.,PASS,AC=3613;AN=5096;DP=18274;AF=0.71;EAS_AF=0.92;EUR_AF=0.5;AFR_AF=0.81;AMR_AF=0.68;SAS_AF=0.59;VT=SNP;NS=2548,GT,1|0
8,28149547,.,A,G,.,PASS,AC=3110;AN=5096;DP=21443;AF=0.61;EAS_AF=0.9;EUR_AF=0.5;AFR_AF=0.46;AMR_AF=0.66;SAS_AF=0.59;VT=SNP;NS=2548,GT,1|0
8,28149649,.,C,T,.,PASS,AC=3586;AN=5096;DP=19896;AF=0.7;EAS_AF=0.91;EUR_AF=0.5;AFR_AF=0.8;AMR_AF=0.68;SAS_AF=0.59;VT=SNP;NS=2548,GT,1|0
8,28150105,.,T,C,.,PASS,AC=3562;AN=5096;DP=20705;AF=0.7;EAS_AF=0.9;EUR_AF=0.5;AFR_AF=0.79;AMR_AF=0.68;SAS_AF=0.59;VT=SNP;NS=2548,GT,1|0
8,28150898,.,A,G,.,PASS,AC=3562;AN=5096;DP=20998;AF=0.7;EAS_AF=0.9;EUR_AF=0.5;AFR_AF=0.79;AMR_AF=0.68;SAS_AF=0.59;VT=SNP;NS=2548,GT,1|0
8,28151304,.,A,AT,.,PASS,AC=3562;AN=5096;DP=22737;AF=0.7;EAS_AF=0.9;EUR_AF=0.5;AFR_AF=0.79;AMR_AF=0.68;SAS_AF=0.59;VT=INDEL;NS=2548,GT,1|0
8,28152222,.,T,C,.,PASS,AC=3582;AN=5096;DP=21444;AF=0.7;EAS_AF=0.91;EUR_AF=0.5;AFR_AF=0.8;AMR_AF=0.68;SAS_AF=0.59;VT=SNP;NS=2548,GT,1|0
8,28152666,.,T,A,.,PASS,AC=2065;AN=5096;DP=18725;AF=0.41;EAS_AF=0.65;EUR_AF=0.29;AFR_AF=0.36;AMR_AF=0.41;SAS_AF=0.32;VT=SNP;NS=2548,GT,1|0
8,28152857,.,A,G,.,PASS,AC=2065;AN=5096;DP=22865;AF=0.41;EAS_AF=0.65;EUR_AF=0.29;AFR_AF=0.36;AMR_AF=0.41;SAS_AF=0.32;VT=SNP;NS=2548,GT,1|0
8,28153037,.,C,T,.,PASS,AC=2518;AN=5096;DP=22415;AF=0.49;EAS_AF=0.65;EUR_AF=0.29;AFR_AF=0.69;AMR_AF=0.43;SAS_AF=0.32;VT=SNP;NS=2548,GT,1|0
8,28156062,.,A,C,.,PASS,AC=3296;AN=5096;DP=162103;AF=0.65;EAS_AF=0.9;EUR_AF=0.5;AFR_AF=0.59;AMR_AF=0.67;SAS_AF=0.59;VT=SNP;NS=2548,GT,1|0
8,28156859,.,G,T,.,PASS,AC=3572;AN=5096;DP=23687;AF=0.7;EAS_AF=0.91;EUR_AF=0.48;AFR_AF=0.81;AMR_AF=0.67;SAS_AF=0.59;VT=SNP;NS=2548,GT,1|0
8,28157044,.,G,A,.,PASS,AC=3074;AN=5096;DP=22288;AF=0.6;EAS_AF=0.9;EUR_AF=0.48;AFR_AF=0.46;AMR_AF=0.65;SAS_AF=0.59;VT=SNP;NS=2548,GT,1|0
8,28158485,.,AAATAAAG,A,.,PASS,AC=1946;AN=5096;DP=144827;AF=0.38;EAS_AF=0.65;EUR_AF=0.27;AFR_AF=0.3;AMR_AF=0.4;SAS_AF=0.32;VT=INDEL;NS=2548,GT,1|0
8,28160700,.,A,T,.,PASS,AC=761;AN=5096;DP=33250;AF=0.15;EAS_AF=0.36;EUR_AF=0.03;AFR_AF=0.13;AMR_AF=0.21;SAS_AF=0.04;VT=SNP;NS=2548,GT,1|0
8,28161600,.,C,T,.,PASS,AC=705;AN=5096;DP=17964;AF=0.14;EAS_AF=0.34;EUR_AF=0.03;AFR_AF=0.11;AMR_AF=0.21;SAS_AF=0.04;VT=SNP;NS=2548,GT,1|0
8,28163524,.,CTT,C,.,PASS,AC=3448;AN=5096;DP=16416;AF=0.68;EAS_AF=0.89;EUR_AF=0.48;AFR_AF=0.74;AMR_AF=0.66;SAS_AF=0.59;VT=INDEL;NS=2548,GT,1|0
8,28165439,.,T,C,.,PASS,AC=2985;AN=5096;DP=20359;AF=0.59;EAS_AF=0.9;EUR_AF=0.48;AFR_AF=0.39;AMR_AF=0.65;SAS_AF=0.59;VT=SNP;NS=2548,GT,1|0
8,28165720,.,G,A,.,PASS,AC=3540;AN=5096;DP=20375;AF=0.69;EAS_AF=0.93;EUR_AF=0.48;AFR_AF=0.77;AMR_AF=0.67;SAS_AF=0.59;VT=SNP;NS=2548,GT,1|0
8,28166142,.,G,T,.,PASS,AC=3423;AN=5096;DP=19616;AF=0.67;EAS_AF=0.9;EUR_AF=0.48;AFR_AF=0.71;AMR_AF=0.67;SAS_AF=0.59;VT=SNP;NS=2548,GT,1|0
8,28166191,.,C,T,.,PASS,AC=3500;AN=5096;DP=19442;AF=0.69;EAS_AF=0.91;EUR_AF=0.48;AFR_AF=0.76;AMR_AF=0.67;SAS_AF=0.59;VT=SNP;NS=2548,GT,1|0
8,28167425,.,A,G,.,PASS,AC=2996;AN=5096;DP=23863;AF=0.59;EAS_AF=0.9;EUR_AF=0.48;AFR_AF=0.4;AMR_AF=0.65;SAS_AF=0.59;VT=SNP;NS=2548,GT,1|0
8,28167806,.,T,C,.,PASS,AC=5072;AN=5096;DP=22517;AF=1;EAS_AF=1;EUR_AF=0.98;AFR_AF=1;AMR_AF=0.99;SAS_AF=1;VT=SNP;NS=2548,GT,1|1
8,28168410,.,G,A,.,PASS,AC=705;AN=5096;DP=25392;AF=0.14;EAS_AF=0.34;EUR_AF=0.03;AFR_AF=0.11;AMR_AF=0.21;SAS_AF=0.04;VT=SNP;NS=2548,GT,1|0
8,28169489,.,A,C,.,PASS,AC=2996;AN=5096;DP=21139;AF=0.59;EAS_AF=0.9;EUR_AF=0.48;AFR_AF=0.4;AMR_AF=0.65;SAS_AF=0.59;VT=SNP;NS=2548,GT,1|0
8,28170001,.,A,G,.,PASS,AC=753;AN=5096;DP=24132;AF=0.15;EAS_AF=0.34;EUR_AF=0.03;AFR_AF=0.14;AMR_AF=0.22;SAS_AF=0.04;VT=SNP;NS=2548,GT,1|0
8,28171165,.,G,C,.,PASS,AC=753;AN=5096;DP=23200;AF=0.15;EAS_AF=0.34;EUR_AF=0.03;AFR_AF=0.14;AMR_AF=0.22;SAS_AF=0.04;VT=SNP;NS=2548,GT,1|0
8,28171352,.,CT,C,.,PASS,AC=3590;AN=5096;DP=20944;AF=0.7;EAS_AF=0.92;EUR_AF=0.49;AFR_AF=0.8;AMR_AF=0.68;SAS_AF=0.6;VT=INDEL;NS=2548,GT,1|0
8,28171362,.,T,C,.,PASS,AC=2854;AN=5096;DP=20111;AF=0.56;EAS_AF=0.84;EUR_AF=0.46;AFR_AF=0.39;AMR_AF=0.62;SAS_AF=0.57;VT=SNP;NS=2548,GT,1|0
8,28171501,.,C,T,.,PASS,AC=3419;AN=5096;DP=21187;AF=0.67;EAS_AF=0.93;EUR_AF=0.48;AFR_AF=0.69;AMR_AF=0.67;SAS_AF=0.59;VT=SNP;NS=2548,GT,1|0
8,28173553,.,A,AT,.,PASS,AC=1991;AN=5096;DP=19231;AF=0.39;EAS_AF=0.63;EUR_AF=0.27;AFR_AF=0.36;AMR_AF=0.39;SAS_AF=0.31;VT=INDEL;NS=2548,GT,1|0
8,28173684,.,T,C,.,PASS,AC=3075;AN=5096;DP=19524;AF=0.6;EAS_AF=0.9;EUR_AF=0.48;AFR_AF=0.46;AMR_AF=0.65;SAS_AF=0.59;VT=SNP;NS=2548,GT,1|0
8,28174257,.,T,A,.,PASS,AC=686;AN=5096;DP=21194;AF=0.13;EAS_AF=0.33;EUR_AF=0.03;AFR_AF=0.09;AMR_AF=0.21;SAS_AF=0.04;VT=SNP;NS=2548,GT,1|0
8,28174708,.,T,C,.,PASS,AC=5040;AN=5096;DP=18889;AF=0.99;EAS_AF=0.98;EUR_AF=1;AFR_AF=0.98;AMR_AF=1;SAS_AF=1;VT=SNP;NS=2548,GT,1|1
8,28175129,.,C,T,.,PASS,AC=2991;AN=5096;DP=21989;AF=0.59;EAS_AF=0.9;EUR_AF=0.48;AFR_AF=0.4;AMR_AF=0.65;SAS_AF=0.59;VT=SNP;NS=2548,GT,1|0
8,28175320,.,T,G,.,PASS,AC=4855;AN=5096;DP=19997;AF=0.95;EAS_AF=0.98;EUR_AF=1;AFR_AF=0.84;AMR_AF=0.99;SAS_AF=1;VT=SNP;NS=2548,GT,1|1
8,28175500,.,C,A,.,PASS,AC=686;AN=5096;DP=19942;AF=0.13;EAS_AF=0.33;EUR_AF=0.03;AFR_AF=0.09;AMR_AF=0.21;SAS_AF=0.04;VT=SNP;NS=2548,GT,1|0
8,28175906,.,G,C,.,PASS,AC=5066;AN=5096;DP=18420;AF=0.99;EAS_AF=1;EUR_AF=1;AFR_AF=0.98;AMR_AF=1;SAS_AF=1;VT=SNP;NS=2548,GT,1|1
8,28176994,.,A,G,.,PASS,AC=3025;AN=5096;DP=21647;AF=0.59;EAS_AF=0.91;EUR_AF=0.48;AFR_AF=0.42;AMR_AF=0.65;SAS_AF=0.59;VT=SNP;NS=2548,GT,1|0
8,28177329,.,G,C,.,PASS,AC=5066;AN=5096;DP=20133;AF=0.99;EAS_AF=1;EUR_AF=1;AFR_AF=0.98;AMR_AF=1;SAS_AF=1;VT=SNP;NS=2548,GT,1|1
8,28177347,.,T,C,.,PASS,AC=2248;AN=5096;DP=20471;AF=0.44;EAS_AF=0.42;EUR_AF=0.55;AFR_AF=0.33;AMR_AF=0.5;SAS_AF=0.45;VT=SNP;NS=2548,GT,1|1
8,28177935,.,A,G,.,PASS,AC=5080;AN=5096;DP=20780;AF=1;EAS_AF=1;EUR_AF=1;AFR_AF=0.99;AMR_AF=1;SAS_AF=1;VT=SNP;NS=2548,GT,1|1
8,28178244,.,G,C,.,PASS,AC=687;AN=5096;DP=22236;AF=0.13;EAS_AF=0.33;EUR_AF=0.03;AFR_AF=0.09;AMR_AF=0.21;SAS_AF=0.04;VT=SNP;NS=2548,GT,1|0
8,28178461,.,T,C,.,PASS,AC=1512;AN=5096;DP=25845;AF=0.3;EAS_AF=0.07;EUR_AF=0.52;AFR_AF=0.19;AMR_AF=0.33;SAS_AF=0.41;VT=SNP;NS=2548,GT,0|1
8,28178651,.,C,A,.,PASS,AC=689;AN=5096;DP=23561;AF=0.14;EAS_AF=0.33;EUR_AF=0.03;AFR_AF=0.1;AMR_AF=0.21;SAS_AF=0.04;VT=SNP;NS=2548,GT,1|0
8,28179768,.,G,C,.,PASS,AC=4301;AN=5096;DP=18862;AF=0.84;EAS_AF=0.64;EUR_AF=0.97;AFR_AF=0.85;AMR_AF=0.78;SAS_AF=0.96;VT=SNP;NS=2548,GT,0|1
8,28179821,.,A,C,.,PASS,AC=706;AN=5096;DP=20142;AF=0.14;EAS_AF=0.33;EUR_AF=0.03;AFR_AF=0.11;AMR_AF=0.21;SAS_AF=0.04;VT=SNP;NS=2548,GT,1|0
8,28180470,.,A,G,.,PASS,AC=4352;AN=5096;DP=25067;AF=0.85;EAS_AF=0.64;EUR_AF=0.97;AFR_AF=0.88;AMR_AF=0.79;SAS_AF=0.96;VT=SNP;NS=2548,GT,0|1
8,28180489,.,T,G,.,PASS,AC=706;AN=5096;DP=25384;AF=0.14;EAS_AF=0.33;EUR_AF=0.03;AFR_AF=0.11;AMR_AF=0.21;SAS_AF=0.04;VT=SNP;NS=2548,GT,1|0
8,28180539,.,C,A,.,PASS,AC=4265;AN=5096;DP=26343;AF=0.84;EAS_AF=0.65;EUR_AF=0.97;AFR_AF=0.81;AMR_AF=0.78;SAS_AF=0.96;VT=SNP;NS=2548,GT,0|1
8,28180910,.,C,T,.,PASS,AC=5066;AN=5096;DP=22835;AF=0.99;EAS_AF=1;EUR_AF=1;AFR_AF=0.98;AMR_AF=1;SAS_AF=1;VT=SNP;NS=2548,GT,1|1
8,28181259,.,A,G,.,PASS,AC=5056;AN=5096;DP=23070;AF=0.99;EAS_AF=0.99;EUR_AF=1;AFR_AF=0.98;AMR_AF=1;SAS_AF=1;VT=SNP;NS=2548,GT,1|1
8,28181602,.,A,G,.,PASS,AC=687;AN=5096;DP=24471;AF=0.13;EAS_AF=0.33;EUR_AF=0.03;AFR_AF=0.09;AMR_AF=0.21;SAS_AF=0.04;VT=SNP;NS=2548,GT,1|0
8,28181966,.,TG,T,.,PASS,AC=1876;AN=5096;DP=23401;AF=0.37;EAS_AF=0.07;EUR_AF=0.52;AFR_AF=0.46;AMR_AF=0.34;SAS_AF=0.41;VT=INDEL;NS=2548,GT,0|1
8,28183645,.,G,T,.,PASS,AC=685;AN=5096;DP=22990;AF=0.13;EAS_AF=0.33;EUR_AF=0.03;AFR_AF=0.09;AMR_AF=0.21;SAS_AF=0.04;VT=SNP;NS=2548,GT,1|0
8,28183732,.,C,T,.,PASS,AC=5068;AN=5096;DP=23057;AF=0.99;EAS_AF=1;EUR_AF=1;AFR_AF=0.98;AMR_AF=1;SAS_AF=1;VT=SNP;NS=2548,GT,1|1
8,28183921,.,A,G,.,PASS,AC=739;AN=5096;DP=23620;AF=0.15;EAS_AF=0.33;EUR_AF=0.03;AFR_AF=0.13;AMR_AF=0.21;SAS_AF=0.04;VT=SNP;NS=2548,GT,1|0
8,28184593,.,T,C,.,PASS,AC=1812;AN=5096;DP=23177;AF=0.36;EAS_AF=0.07;EUR_AF=0.52;AFR_AF=0.4;AMR_AF=0.34;SAS_AF=0.41;VT=SNP;NS=2548,GT,0|1
8,28184670,.,A,G,.,PASS,AC=2427;AN=5096;DP=23857;AF=0.48;EAS_AF=0.43;EUR_AF=0.55;AFR_AF=0.43;AMR_AF=0.55;SAS_AF=0.45;VT=SNP;NS=2548,GT,1|1
8,28184961,.,T,TC,.,PASS,AC=3889;AN=5096;DP=15882;AF=0.76;EAS_AF=0.64;EUR_AF=0.97;AFR_AF=0.55;AMR_AF=0.77;SAS_AF=0.96;VT=INDEL;NS=2548,GT,0|1
8,28186031,.,A,G,.,PASS,AC=695;AN=5096;DP=23046;AF=0.14;EAS_AF=0.34;EUR_AF=0.03;AFR_AF=0.09;AMR_AF=0.21;SAS_AF=0.04;VT=SNP;NS=2548,GT,1|0
8,28186156,.,C,T,.,PASS,AC=4601;AN=5096;DP=20158;AF=0.9;EAS_AF=0.96;EUR_AF=0.84;AFR_AF=0.91;AMR_AF=0.92;SAS_AF=0.88;VT=SNP;NS=2548,GT,1|1
8,28187177,.,A,G,.,PASS,AC=5079;AN=5096;DP=25485;AF=1;EAS_AF=1;EUR_AF=1;AFR_AF=0.99;AMR_AF=1;SAS_AF=1;VT=SNP;NS=2548,GT,1|1
8,28187216,.,C,A,.,PASS,AC=1614;AN=5096;DP=26205;AF=0.32;EAS_AF=0.07;EUR_AF=0.52;AFR_AF=0.28;AMR_AF=0.33;SAS_AF=0.4;VT=SNP;NS=2548,GT,0|1
8,28188378,.,T,C,.,PASS,AC=5068;AN=5096;DP=17678;AF=0.99;EAS_AF=1;EUR_AF=1;AFR_AF=0.98;AMR_AF=1;SAS_AF=1;VT=SNP;NS=2548,GT,1|1
8,28188679,.,T,C,.,PASS,AC=5068;AN=5096;DP=24144;AF=0.99;EAS_AF=1;EUR_AF=1;AFR_AF=0.98;AMR_AF=1;SAS_AF=1;VT=SNP;NS=2548,GT,1|1
8,28188883,.,T,C,.,PASS,AC=697;AN=5096;DP=21336;AF=0.14;EAS_AF=0.34;EUR_AF=0.03;AFR_AF=0.1;AMR_AF=0.21;SAS_AF=0.04;VT=SNP;NS=2548,GT,1|0
8,28188965,.,A,G,.,PASS,AC=5068;AN=5096;DP=21881;AF=0.99;EAS_AF=1;EUR_AF=1;AFR_AF=0.98;AMR_AF=1;SAS_AF=1;VT=SNP;NS=2548,GT,1|1
8,28189294,.,C,G,.,PASS,AC=3148;AN=5096;DP=26550;AF=0.62;EAS_AF=0.43;EUR_AF=0.71;AFR_AF=0.74;AMR_AF=0.64;SAS_AF=0.54;VT=SNP;NS=2548,GT,1|1
8,28189444,.,T,A,.,PASS,AC=5063;AN=5096;DP=53776;AF=0.99;EAS_AF=1;EUR_AF=1;AFR_AF=0.98;AMR_AF=1;SAS_AF=1;VT=SNP;NS=2548,GT,1|1
8,28189905,.,C,G,.,PASS,AC=696;AN=5096;DP=64856;AF=0.14;EAS_AF=0.34;EUR_AF=0.03;AFR_AF=0.1;AMR_AF=0.21;SAS_AF=0.04;VT=SNP;NS=2548,GT,1|0
8,28190650,.,C,T,.,PASS,AC=691;AN=5096;DP=17985;AF=0.14;EAS_AF=0.34;EUR_AF=0.03;AFR_AF=0.09;AMR_AF=0.21;SAS_AF=0.04;VT=SNP;NS=2548,GT,1|0
8,28191151,.,A,C,.,PASS,AC=1552;AN=5096;DP=21918;AF=0.3;EAS_AF=0.07;EUR_AF=0.52;AFR_AF=0.23;AMR_AF=0.33;SAS_AF=0.41;VT=SNP;NS=2548,GT,0|1
