#CHROM,POS,ID,REF,ALT,QUAL,FILTER,INFO,FORMAT,HG02057
10,13100386,.,A,T,.,PASS,AC=4920;AN=5096;DP=6872;AF=0.97;EAS_AF=1;EUR_AF=1;AFR_AF=0.87;AMR_AF=0.99;SAS_AF=1;VT=SNP;NS=2548,GT,1|1
10,13100780,.,A,G,.,PASS,AC=2573;AN=5096;DP=20005;AF=0.5;EAS_AF=0.54;EUR_AF=0.62;AFR_AF=0.33;AMR_AF=0.46;SAS_AF=0.6;VT=SNP;NS=2548,GT,1|0
10,13101697,.,C,T,.,PASS,AC=4931;AN=5096;DP=14141;AF=0.97;EAS_AF=1;EUR_AF=1;AFR_AF=0.88;AMR_AF=0.99;SAS_AF=1;VT=SNP;NS=2548,GT,1|1
10,13102281,.,G,T,.,PASS,AC=1359;AN=5096;DP=23692;AF=0.27;EAS_AF=0.37;EUR_AF=0.35;AFR_AF=0.12;AMR_AF=0.19;SAS_AF=0.32;VT=SNP;NS=2548,GT,1|0
10,13102685,.,G,A,.,PASS,AC=49;AN=5096;DP=21811;AF=0.01;EAS_AF=0.04;EUR_AF=0;AFR_AF=0;AMR_AF=0;SAS_AF=0;VT=SNP;NS=2548,GT,0|1
10,13103745,.,C,CACACAG,.,PASS,AC=3705;AN=5096;DP=23100;AF=0.73;EAS_AF=0.78;EUR_AF=0.86;AFR_AF=0.49;AMR_AF=0.73;SAS_AF=0.85;VT=INDEL;NS=2548,GT,1|1
10,13103747,.,C,CACAG,.,PASS,AC=3655;AN=5096;DP=23034;AF=0.72;EAS_AF=0.78;EUR_AF=0.86;AFR_AF=0.46;AMR_AF=0.73;SAS_AF=0.85;VT=INDEL;NS=2548,GT,1|1
10,13104252,.,TTC,T,.,PASS,AC=1960;AN=5096;DP=20168;AF=0.38;EAS_AF=0.39;EUR_AF=0.37;AFR_AF=0.37;AMR_AF=0.4;SAS_AF=0.41;VT=INDEL;NS=2548,GT,0|1
10,13104425,.,CTT,C,.,PASS,AC=3322;AN=5096;DP=24484;AF=0.65;EAS_AF=0.66;EUR_AF=0.69;AFR_AF=0.65;AMR_AF=0.59;SAS_AF=0.66;VT=INDEL;NS=2548,GT,1|0
10,13105254,.,T,G,.,PASS,AC=4865;AN=5096;DP=20819;AF=0.95;EAS_AF=1;EUR_AF=1;AFR_AF=0.84;AMR_AF=0.99;SAS_AF=0.99;VT=SNP;NS=2548,GT,1|1
10,13105808,.,T,C,.,PASS,AC=3632;AN=5096;DP=19244;AF=0.71;EAS_AF=0.74;EUR_AF=0.87;AFR_AF=0.5;AMR_AF=0.67;SAS_AF=0.84;VT=SNP;NS=2548,GT,1|1
10,13106061,.,C,T,.,PASS,AC=3755;AN=5096;DP=19100;AF=0.74;EAS_AF=0.74;EUR_AF=0.87;AFR_AF=0.59;AMR_AF=0.68;SAS_AF=0.84;VT=SNP;NS=2548,GT,1|1
10,13106267,.,A,G,.,PASS,AC=3328;AN=5096;DP=19573;AF=0.65;EAS_AF=0.74;EUR_AF=0.87;AFR_AF=0.3;AMR_AF=0.65;SAS_AF=0.83;VT=SNP;NS=2548,GT,1|1
10,13106467,.,A,G,.,PASS,AC=3595;AN=5096;DP=23603;AF=0.71;EAS_AF=0.74;EUR_AF=0.87;AFR_AF=0.48;AMR_AF=0.67;SAS_AF=0.84;VT=SNP;NS=2548,GT,1|1
10,13107247,.,C,T,.,PASS,AC=2695;AN=5096;DP=12941;AF=0.53;EAS_AF=0.52;EUR_AF=0.81;AFR_AF=0.12;AMR_AF=0.58;SAS_AF=0.76;VT=SNP;NS=2548,GT,1|0
10,13107378,.,C,A,.,PASS,AC=3559;AN=5096;DP=14474;AF=0.7;EAS_AF=0.74;EUR_AF=0.87;AFR_AF=0.45;AMR_AF=0.67;SAS_AF=0.84;VT=SNP;NS=2548,GT,1|1
10,13107412,.,T,C,.,PASS,AC=3284;AN=5096;DP=9677;AF=0.64;EAS_AF=0.74;EUR_AF=0.86;AFR_AF=0.26;AMR_AF=0.65;SAS_AF=0.83;VT=SNP;NS=2548,GT,1|1
10,13107524,.,A,G,.,PASS,AC=5024;AN=5096;DP=11021;AF=0.99;EAS_AF=1;EUR_AF=1;AFR_AF=0.95;AMR_AF=1;SAS_AF=1;VT=SNP;NS=2548,GT,1|1
10,13107885,.,C,T,.,PASS,AC=157;AN=5096;DP=22163;AF=0.03;EAS_AF=0.09;EUR_AF=0.01;AFR_AF=0;AMR_AF=0.03;SAS_AF=0.03;VT=SNP;NS=2548,GT,0|1
10,13108044,.,A,C,.,PASS,AC=657;AN=5096;DP=24623;AF=0.13;EAS_AF=0.19;EUR_AF=0.14;AFR_AF=0.01;AMR_AF=0.09;SAS_AF=0.24;VT=SNP;NS=2548,GT,1|0
10,13108265,.,G,A,.,PASS,AC=151;AN=5096;DP=21632;AF=0.03;EAS_AF=0.09;EUR_AF=0.01;AFR_AF=0;AMR_AF=0.03;SAS_AF=0.02;VT=SNP;NS=2548,GT,0|1
10,13108544,.,CT,C,.,PASS,AC=2098;AN=5096;DP=19006;AF=0.41;EAS_AF=0.53;EUR_AF=0.37;AFR_AF=0.36;AMR_AF=0.37;SAS_AF=0.43;VT=INDEL;NS=2548,GT,0|1
10,13108909,.,T,C,.,PASS,AC=2021;AN=5096;DP=38411;AF=0.4;EAS_AF=0.52;EUR_AF=0.36;AFR_AF=0.33;AMR_AF=0.36;SAS_AF=0.43;VT=SNP;NS=2548,GT,0|1
10,13109853,.,A,G,.,PASS,AC=1348;AN=5096;DP=20960;AF=0.26;EAS_AF=0.37;EUR_AF=0.27;AFR_AF=0.13;AMR_AF=0.27;SAS_AF=0.32;VT=SNP;NS=2548,GT,0|1
10,13110504,.,GT,G,.,PASS,AC=3639;AN=5096;DP=160960;AF=0.71;EAS_AF=0.71;EUR_AF=0.84;AFR_AF=0.57;AMR_AF=0.67;SAS_AF=0.81;VT=INDEL;NS=2548,GT,1|1
10,13110658,.,A,G,.,PASS,AC=156;AN=5096;DP=43080;AF=0.03;EAS_AF=0.09;EUR_AF=0.01;AFR_AF=0;AMR_AF=0.03;SAS_AF=0.03;VT=SNP;NS=2548,GT,0|1
10,13110666,.,T,G,.,PASS,AC=1521;AN=5096;DP=40219;AF=0.3;EAS_AF=0.22;EUR_AF=0.51;AFR_AF=0.11;AMR_AF=0.3;SAS_AF=0.41;VT=SNP;NS=2548,GT,1|0
10,13111425,.,C,T,.,PASS,AC=5041;AN=5096;DP=20851;AF=0.99;EAS_AF=1;EUR_AF=1;AFR_AF=0.96;AMR_AF=1;SAS_AF=1;VT=SNP;NS=2548,GT,1|1
10,13111535,.,TA,T,.,PASS,AC=2234;AN=5096;DP=15804;AF=0.44;EAS_AF=0.45;EUR_AF=0.59;AFR_AF=0.33;AMR_AF=0.46;SAS_AF=0.4;VT=INDEL;NS=2548,GT,1|0
10,13111694,.,TG,T,.,PASS,AC=4805;AN=5096;DP=18127;AF=0.94;EAS_AF=0.93;EUR_AF=1;AFR_AF=0.88;AMR_AF=0.98;SAS_AF=0.96;VT=INDEL;NS=2548,GT,1|1
10,13111697,.,G,A,.,PASS,AC=4798;AN=5096;DP=17894;AF=0.94;EAS_AF=0.93;EUR_AF=1;AFR_AF=0.88;AMR_AF=0.97;SAS_AF=0.96;VT=SNP;NS=2548,GT,1|1
10,13111993,.,G,A,.,PASS,AC=1122;AN=5096;DP=13939;AF=0.22;EAS_AF=0.33;EUR_AF=0.32;AFR_AF=0.06;AMR_AF=0.22;SAS_AF=0.21;VT=SNP;NS=2548,GT,1|0
10,13112110,.,A,G,.,PASS,AC=2081;AN=5096;DP=18218;AF=0.41;EAS_AF=0.35;EUR_AF=0.51;AFR_AF=0.35;AMR_AF=0.39;SAS_AF=0.46;VT=SNP;NS=2548,GT,0|1
10,13112141,.,G,A,.,PASS,AC=1400;AN=5096;DP=16959;AF=0.27;EAS_AF=0.34;EUR_AF=0.38;AFR_AF=0.09;AMR_AF=0.28;SAS_AF=0.34;VT=SNP;NS=2548,GT,1|0
10,13113726,.,T,C,.,PASS,AC=2215;AN=5096;DP=22164;AF=0.43;EAS_AF=0.53;EUR_AF=0.5;AFR_AF=0.25;AMR_AF=0.54;SAS_AF=0.43;VT=SNP;NS=2548,GT,1|0
10,13114604,.,C,T,.,PASS,AC=5076;AN=5096;DP=12333;AF=1;EAS_AF=1;EUR_AF=1;AFR_AF=0.99;AMR_AF=1;SAS_AF=1;VT=SNP;NS=2548,GT,1|1
10,13114761,.,C,T,.,PASS,AC=3822;AN=5096;DP=3134;AF=0.75;EAS_AF=0.72;EUR_AF=0.81;AFR_AF=0.72;AMR_AF=0.82;SAS_AF=0.72;VT=SNP;NS=2548,GT,1|1
10,13114804,.,A,G,.,PASS,AC=3770;AN=5096;DP=3051;AF=0.74;EAS_AF=0.7;EUR_AF=0.81;AFR_AF=0.71;AMR_AF=0.81;SAS_AF=0.7;VT=SNP;NS=2548,GT,1|1
10,13114851,.,T,G,.,PASS,AC=4075;AN=5096;DP=2052;AF=0.8;EAS_AF=0.75;EUR_AF=0.82;AFR_AF=0.82;AMR_AF=0.86;SAS_AF=0.77;VT=SNP;NS=2548,GT,1|1
10,13114879,.,T,TAATA,.,PASS,AC=4091;AN=5096;DP=1932;AF=0.8;EAS_AF=0.75;EUR_AF=0.82;AFR_AF=0.83;AMR_AF=0.86;SAS_AF=0.77;VT=INDEL;NS=2548,GT,1|1
10,13115659,.,G,A,.,PASS,AC=3821;AN=5096;DP=7167;AF=0.75;EAS_AF=0.71;EUR_AF=0.81;AFR_AF=0.72;AMR_AF=0.82;SAS_AF=0.72;VT=SNP;NS=2548,GT,1|1
10,13116257,.,G,A,.,PASS,AC=122;AN=5096;DP=230671;AF=0.02;EAS_AF=0.09;EUR_AF=0;AFR_AF=0;AMR_AF=0.03;SAS_AF=0;EX_TARGET;VT=SNP;NS=2548,GT,1|0
10,13116262,.,C,T,.,PASS,AC=4103;AN=5096;DP=238932;AF=0.81;EAS_AF=0.75;EUR_AF=0.82;AFR_AF=0.83;AMR_AF=0.86;SAS_AF=0.78;EX_TARGET;VT=SNP;NS=2548,GT,1|1
10,13117107,.,A,G,.,PASS,AC=3065;AN=5096;DP=11526;AF=0.6;EAS_AF=0.65;EUR_AF=0.53;AFR_AF=0.63;AMR_AF=0.64;SAS_AF=0.56;VT=SNP;NS=2548,GT,1|0
10,13117197,.,T,C,.,PASS,AC=2927;AN=5096;DP=15505;AF=0.57;EAS_AF=0.61;EUR_AF=0.52;AFR_AF=0.63;AMR_AF=0.6;SAS_AF=0.5;VT=SNP;NS=2548,GT,1|0
10,13117362,.,G,A,.,PASS,AC=856;AN=5096;DP=16954;AF=0.17;EAS_AF=0.1;EUR_AF=0.29;AFR_AF=0.07;AMR_AF=0.22;SAS_AF=0.22;VT=SNP;NS=2548,GT,0|1
10,13117439,.,G,GTT,.,PASS,AC=898;AN=5096;DP=10139;AF=0.18;EAS_AF=0.13;EUR_AF=0.1;AFR_AF=0.28;AMR_AF=0.14;SAS_AF=0.19;VT=INDEL;NS=2548,GT,0|1
10,13117871,.,G,GT,.,PASS,AC=24;AN=5096;DP=22381;AF=0;EAS_AF=0.01;EUR_AF=0.01;AFR_AF=0;AMR_AF=0;SAS_AF=0;VT=INDEL;NS=2548,GT,0|1
10,13117899,.,C,G,.,PASS,AC=4015;AN=5096;DP=22132;AF=0.79;EAS_AF=0.75;EUR_AF=0.82;AFR_AF=0.76;AMR_AF=0.86;SAS_AF=0.78;VT=SNP;NS=2548,GT,1|1
10,13118035,.,G,A,.,PASS,AC=928;AN=5096;DP=20327;AF=0.18;EAS_AF=0.1;EUR_AF=0.29;AFR_AF=0.11;AMR_AF=0.22;SAS_AF=0.22;VT=SNP;NS=2548,GT,0|1
10,13118103,.,A,T,.,PASS,AC=2256;AN=5096;DP=20579;AF=0.44;EAS_AF=0.53;EUR_AF=0.52;AFR_AF=0.26;AMR_AF=0.55;SAS_AF=0.44;VT=SNP;NS=2548,GT,1|0
10,13118212,.,T,C,.,PASS,AC=927;AN=5096;DP=21725;AF=0.18;EAS_AF=0.1;EUR_AF=0.29;AFR_AF=0.11;AMR_AF=0.22;SAS_AF=0.22;VT=SNP;NS=2548,GT,0|1
10,13118258,.,C,T,.,PASS,AC=2251;AN=5096;DP=22280;AF=0.44;EAS_AF=0.53;EUR_AF=0.52;AFR_AF=0.26;AMR_AF=0.55;SAS_AF=0.44;VT=SNP;NS=2548,GT,1|0
10,13119409,.,C,A,.,PASS,AC=2231;AN=5096;DP=24280;AF=0.44;EAS_AF=0.53;EUR_AF=0.52;AFR_AF=0.24;AMR_AF=0.55;SAS_AF=0.44;VT=SNP;NS=2548,GT,1|0
10,13120383,.,A,G,.,PASS,AC=932;AN=5096;DP=20000;AF=0.18;EAS_AF=0.1;EUR_AF=0.28;AFR_AF=0.12;AMR_AF=0.23;SAS_AF=0.22;VT=SNP;NS=2548,GT,0|1
10,13121104,.,G,A,.,PASS,AC=905;AN=5096;DP=61010;AF=0.18;EAS_AF=0.09;EUR_AF=0.27;AFR_AF=0.12;AMR_AF=0.22;SAS_AF=0.21;VT=SNP;NS=2548,GT,0|1
10,13122332,.,T,C,.,PASS,AC=963;AN=5096;DP=172422;AF=0.19;EAS_AF=0.1;EUR_AF=0.28;AFR_AF=0.14;AMR_AF=0.23;SAS_AF=0.22;VT=SNP;NS=2548,GT,0|1
10,13122596,.,A,G,.,PASS,AC=2511;AN=5096;DP=113905;AF=0.49;EAS_AF=0.43;EUR_AF=0.52;AFR_AF=0.5;AMR_AF=0.44;SAS_AF=0.56;VT=SNP;NS=2548,GT,1|1
10,13124875,.,A,G,.,PASS,AC=1240;AN=5096;DP=22669;AF=0.24;EAS_AF=0.3;EUR_AF=0.23;AFR_AF=0.22;AMR_AF=0.16;SAS_AF=0.29;VT=SNP;NS=2548,GT,1|0
10,13125860,.,G,T,.,PASS,AC=4119;AN=5096;DP=106559;AF=0.81;EAS_AF=0.75;EUR_AF=0.82;AFR_AF=0.84;AMR_AF=0.86;SAS_AF=0.78;VT=SNP;NS=2548,GT,1|1
10,13126441,.,C,T,.,PASS,AC=1071;AN=5096;DP=14196;AF=0.21;EAS_AF=0.3;EUR_AF=0.22;AFR_AF=0.11;AMR_AF=0.15;SAS_AF=0.28;VT=SNP;NS=2548,GT,1|0
10,13127035,.,C,A,.,PASS,AC=1513;AN=5096;DP=20232;AF=0.3;EAS_AF=0.34;EUR_AF=0.24;AFR_AF=0.33;AMR_AF=0.21;SAS_AF=0.34;VT=SNP;NS=2548,GT,1|0
10,13127066,.,G,A,.,PASS,AC=868;AN=5096;DP=22038;AF=0.17;EAS_AF=0.1;EUR_AF=0.28;AFR_AF=0.09;AMR_AF=0.22;SAS_AF=0.22;VT=SNP;NS=2548,GT,0|1
10,13127374,.,A,G,.,PASS,AC=2535;AN=5096;DP=22859;AF=0.5;EAS_AF=0.43;EUR_AF=0.53;AFR_AF=0.51;AMR_AF=0.44;SAS_AF=0.56;VT=SNP;NS=2548,GT,1|1
10,13127512,.,T,G,.,PASS,AC=1542;AN=5096;DP=26573;AF=0.3;EAS_AF=0.34;EUR_AF=0.24;AFR_AF=0.35;AMR_AF=0.21;SAS_AF=0.33;VT=SNP;NS=2548,GT,1|0
10,13128382,.,G,A,.,PASS,AC=1304;AN=5096;DP=20467;AF=0.26;EAS_AF=0.3;EUR_AF=0.23;AFR_AF=0.28;AMR_AF=0.16;SAS_AF=0.28;VT=SNP;NS=2548,GT,1|0
10,13128429,.,G,C,.,PASS,AC=1074;AN=5096;DP=23886;AF=0.21;EAS_AF=0.3;EUR_AF=0.22;AFR_AF=0.11;AMR_AF=0.15;SAS_AF=0.28;VT=SNP;NS=2548,GT,1|0
10,13128467,.,G,A,.,PASS,AC=1071;AN=5096;DP=20075;AF=0.21;EAS_AF=0.3;EUR_AF=0.22;AFR_AF=0.11;AMR_AF=0.15;SAS_AF=0.28;VT=SNP;NS=2548,GT,1|0
10,13128477,.,T,TTGTG,.,PASS,AC=1575;AN=5096;DP=18807;AF=0.31;EAS_AF=0.34;EUR_AF=0.24;AFR_AF=0.37;AMR_AF=0.21;SAS_AF=0.34;VT=INDEL;NS=2548,GT,1|0
10,13128498,.,C,T,.,PASS,AC=1304;AN=5096;DP=15574;AF=0.26;EAS_AF=0.3;EUR_AF=0.23;AFR_AF=0.28;AMR_AF=0.16;SAS_AF=0.28;VT=SNP;NS=2548,GT,1|0
10,13128872,.,A,G,.,PASS,AC=1576;AN=5096;DP=20029;AF=0.31;EAS_AF=0.34;EUR_AF=0.24;AFR_AF=0.38;AMR_AF=0.21;SAS_AF=0.34;VT=SNP;NS=2548,GT,1|0
10,13128888,.,C,T,.,PASS,AC=4061;AN=5096;DP=20933;AF=0.8;EAS_AF=0.75;EUR_AF=0.82;AFR_AF=0.8;AMR_AF=0.86;SAS_AF=0.78;VT=SNP;NS=2548,GT,1|1
10,13129390,.,G,A,.,PASS,AC=866;AN=5096;DP=17228;AF=0.17;EAS_AF=0.1;EUR_AF=0.28;AFR_AF=0.09;AMR_AF=0.22;SAS_AF=0.22;VT=SNP;NS=2548,GT,0|1
10,13130872,.,G,A,.,PASS,AC=897;AN=5096;DP=16013;AF=0.18;EAS_AF=0.1;EUR_AF=0.28;AFR_AF=0.11;AMR_AF=0.22;SAS_AF=0.22;VT=SNP;NS=2548,GT,0|1
10,13131146,.,G,T,.,PASS,AC=1078;AN=5096;DP=21688;AF=0.21;EAS_AF=0.3;EUR_AF=0.22;AFR_AF=0.11;AMR_AF=0.15;SAS_AF=0.29;VT=SNP;NS=2548,GT,1|0
10,13131814,.,A,G,.,PASS,AC=1612;AN=5096;DP=37522;AF=0.32;EAS_AF=0.34;EUR_AF=0.24;AFR_AF=0.4;AMR_AF=0.21;SAS_AF=0.34;VT=SNP;NS=2548,GT,1|0
10,13132759,.,A,T,.,PASS,AC=907;AN=5096;DP=20184;AF=0.18;EAS_AF=0.1;EUR_AF=0.28;AFR_AF=0.12;AMR_AF=0.22;SAS_AF=0.22;VT=SNP;NS=2548,GT,0|1
10,13133591,.,G,A,.,PASS,AC=18;AN=5096;DP=286563;AF=0;EAS_AF=0.01;EUR_AF=0;AFR_AF=0;AMR_AF=0;SAS_AF=0;EX_TARGET;VT=SNP;NS=2548,GT,1|0
10,13133682,.,A,C,.,PASS,AC=1707;AN=5096;DP=97446;AF=0.33;EAS_AF=0.34;EUR_AF=0.3;AFR_AF=0.4;AMR_AF=0.24;SAS_AF=0.35;VT=SNP;NS=2548,GT,1|0
10,13134047,.,A,G,.,PASS,AC=3978;AN=5096;DP=18748;AF=0.78;EAS_AF=0.75;EUR_AF=0.82;AFR_AF=0.73;AMR_AF=0.86;SAS_AF=0.79;VT=SNP;NS=2548,GT,1|1
10,13136191,.,G,A,.,PASS,AC=1093;AN=5096;DP=21381;AF=0.21;EAS_AF=0.3;EUR_AF=0.23;AFR_AF=0.12;AMR_AF=0.15;SAS_AF=0.28;VT=SNP;NS=2548,GT,1|0
10,13136201,.,T,A,.,PASS,AC=3946;AN=5096;DP=21500;AF=0.77;EAS_AF=0.75;EUR_AF=0.82;AFR_AF=0.71;AMR_AF=0.86;SAS_AF=0.78;VT=SNP;NS=2548,GT,1|1
10,13136697,.,C,A,.,PASS,AC=1452;AN=5096;DP=170129;AF=0.28;EAS_AF=0.34;EUR_AF=0.24;AFR_AF=0.29;AMR_AF=0.2;SAS_AF=0.34;EX_TARGET;VT=SNP;NS=2548,GT,1|0
10,13138287,.,T,G,.,PASS,AC=910;AN=5096;DP=18898;AF=0.18;EAS_AF=0.1;EUR_AF=0.28;AFR_AF=0.12;AMR_AF=0.22;SAS_AF=0.22;VT=SNP;NS=2548,GT,0|1
