#CHROM,POS,ID,REF,ALT,QUAL,FILTER,INFO,FORMAT,HG02047
15,44579814,.,G,A,.,PASS,AC=5;AN=5096;DP=19389;AF=0;EAS_AF=0;EUR_AF=0;AFR_AF=0;AMR_AF=0;SAS_AF=0;VT=SNP;NS=2548,GT,1|0
15,44579998,.,CACTT,C,.,PASS,AC=257;AN=5096;DP=20980;AF=0.05;EAS_AF=0.16;EUR_AF=0;AFR_AF=0;AMR_AF=0.12;SAS_AF=0.01;VT=INDEL;NS=2548,GT,0|1
15,44581360,.,A,C,.,PASS,AC=4734;AN=5096;DP=17118;AF=0.93;EAS_AF=1;EUR_AF=0.89;AFR_AF=0.92;AMR_AF=0.93;SAS_AF=0.91;VT=SNP;NS=2548,GT,1|1
15,44586215,.,G,A,.,PASS,AC=1883;AN=5096;DP=20495;AF=0.37;EAS_AF=0.46;EUR_AF=0.43;AFR_AF=0.2;AMR_AF=0.54;SAS_AF=0.32;VT=SNP;NS=2548,GT,0|1
15,44592097,.,C,T,.,PASS,AC=1468;AN=5096;DP=25287;AF=0.29;EAS_AF=0.43;EUR_AF=0.38;AFR_AF=0.04;AMR_AF=0.48;SAS_AF=0.25;VT=SNP;NS=2548,GT,0|1
15,44610360,.,A,C,.,PASS,AC=5049;AN=5096;DP=20194;AF=0.99;EAS_AF=1;EUR_AF=1;AFR_AF=0.97;AMR_AF=1;SAS_AF=1;VT=SNP;NS=2548,GT,1|1
15,44611087,.,C,A,.,PASS,AC=5096;AN=5096;DP=48897;AF=1;EAS_AF=1;EUR_AF=1;AFR_AF=1;AMR_AF=1;SAS_AF=1;VT=SNP;NS=2548,GT,1|1
15,44627090,.,T,C,.,PASS,AC=16;AN=5096;DP=22001;AF=0;EAS_AF=0.02;EUR_AF=0;AFR_AF=0;AMR_AF=0;SAS_AF=0;VT=SNP;NS=2548,GT,0|1
15,44637469,.,T,C,.,PASS,AC=1530;AN=5096;DP=18956;AF=0.3;EAS_AF=0.43;EUR_AF=0.41;AFR_AF=0.04;AMR_AF=0.5;SAS_AF=0.27;VT=SNP;NS=2548,GT,0|1
15,44639385,.,T,C,.,PASS,AC=1595;AN=5096;DP=19803;AF=0.31;EAS_AF=0.29;EUR_AF=0.45;AFR_AF=0.08;AMR_AF=0.32;SAS_AF=0.5;VT=SNP;NS=2548,GT,1|0
15,44641017,.,C,T,.,PASS,AC=45;AN=5096;DP=18670;AF=0.01;EAS_AF=0.04;EUR_AF=0;AFR_AF=0;AMR_AF=0;SAS_AF=0;VT=SNP;NS=2548,GT,0|1
15,44650896,.,G,A,.,PASS,AC=1439;AN=5096;DP=15120;AF=0.28;EAS_AF=0.29;EUR_AF=0.42;AFR_AF=0.03;AMR_AF=0.29;SAS_AF=0.47;VT=SNP;NS=2548,GT,1|0
15,44651559,.,A,G,.,PASS,AC=2414;AN=5096;DP=316846;AF=0.47;EAS_AF=0.46;EUR_AF=0.45;AFR_AF=0.52;AMR_AF=0.59;SAS_AF=0.36;EX_TARGET;VT=SNP;NS=2548,GT,0|1
15,44654249,.,T,C,.,PASS,AC=3654;AN=5096;DP=19991;AF=0.72;EAS_AF=0.71;EUR_AF=0.58;AFR_AF=0.97;AMR_AF=0.7;SAS_AF=0.53;VT=SNP;NS=2548,GT,0|1
15,44655664,.,T,C,.,PASS,AC=30;AN=5096;DP=20095;AF=0.01;EAS_AF=0.03;EUR_AF=0;AFR_AF=0;AMR_AF=0;SAS_AF=0;VT=SNP;NS=2548,GT,1|0
15,44658976,.,A,G,.,PASS,AC=3554;AN=5096;DP=107681;AF=0.7;EAS_AF=0.71;EUR_AF=0.55;AFR_AF=0.93;AMR_AF=0.68;SAS_AF=0.53;VT=SNP;NS=2548,GT,0|1
15,44662254,.,G,T,.,PASS,AC=5042;AN=5096;DP=18302;AF=0.99;EAS_AF=1;EUR_AF=1;AFR_AF=0.96;AMR_AF=1;SAS_AF=1;VT=SNP;NS=2548,GT,1|1
