#CHROM,POS,ID,REF,ALT,QUAL,FILTER,INFO,FORMAT,HG02088
22,29268434,.,G,A,.,PASS,AC=2130;AN=5096;DP=220293;AF=0.42;EAS_AF=0.67;EUR_AF=0.36;AFR_AF=0.3;AMR_AF=0.27;SAS_AF=0.47;EX_TARGET;VT=SNP;NS=2548,GT,1|1
22,29272015,.,C,T,.,PASS,AC=4968;AN=5096;DP=75340;AF=0.97;EAS_AF=0.99;EUR_AF=0.97;AFR_AF=0.98;AMR_AF=0.98;SAS_AF=0.96;VT=SNP;NS=2548,GT,1|1
22,29275068,.,CT,C,.,PASS,AC=5096;AN=5096;DP=19647;AF=1;EAS_AF=1;EUR_AF=1;AFR_AF=1;AMR_AF=1;SAS_AF=1;VT=INDEL;NS=2548,GT,1|1
22,29278504,.,TG,T,.,PASS,AC=5096;AN=5096;DP=18518;AF=1;EAS_AF=1;EUR_AF=1;AFR_AF=1;AMR_AF=1;SAS_AF=1;VT=INDEL;NS=2548,GT,1|1
22,29278545,.,G,C,.,PASS,AC=5096;AN=5096;DP=14798;AF=1;EAS_AF=1;EUR_AF=1;AFR_AF=1;AMR_AF=1;SAS_AF=1;VT=SNP;NS=2548,GT,1|1
22,29278546,.,G,A,.,PASS,AC=5096;AN=5096;DP=14987;AF=1;EAS_AF=1;EUR_AF=1;AFR_AF=1;AMR_AF=1;SAS_AF=1;VT=SNP;NS=2548,GT,1|1
22,29278824,.,C,CA,.,PASS,AC=2161;AN=5096;DP=16255;AF=0.42;EAS_AF=0.65;EUR_AF=0.38;AFR_AF=0.33;AMR_AF=0.28;SAS_AF=0.47;VT=INDEL;NS=2548,GT,1|1
22,29281175,.,A,G,.,PASS,AC=4493;AN=5096;DP=18755;AF=0.88;EAS_AF=0.96;EUR_AF=0.78;AFR_AF=0.9;AMR_AF=0.86;SAS_AF=0.9;VT=SNP;NS=2548,GT,1|1
22,29281363,.,G,A,.,PASS,AC=5096;AN=5096;DP=19107;AF=1;EAS_AF=1;EUR_AF=1;AFR_AF=1;AMR_AF=1;SAS_AF=1;VT=SNP;NS=2548,GT,1|1
22,29281368,.,CT,C,.,PASS,AC=5096;AN=5096;DP=18845;AF=1;EAS_AF=1;EUR_AF=1;AFR_AF=1;AMR_AF=1;SAS_AF=1;VT=INDEL;NS=2548,GT,1|1
22,29281409,.,TC,T,.,PASS,AC=5096;AN=5096;DP=19975;AF=1;EAS_AF=1;EUR_AF=1;AFR_AF=1;AMR_AF=1;SAS_AF=1;VT=INDEL;NS=2548,GT,1|1
22,29283724,.,G,A,.,PASS,AC=863;AN=5096;DP=17546;AF=0.17;EAS_AF=0.21;EUR_AF=0.19;AFR_AF=0.01;AMR_AF=0.16;SAS_AF=0.34;VT=SNP;NS=2548,GT,0|1
22,29286150,.,G,GT,.,PASS,AC=1287;AN=5096;DP=17553;AF=0.25;EAS_AF=0.37;EUR_AF=0.19;AFR_AF=0.15;AMR_AF=0.18;SAS_AF=0.38;VT=INDEL;NS=2548,GT,1|1
22,29289310,.,T,C,.,PASS,AC=62;AN=5096;DP=24909;AF=0.01;EAS_AF=0.06;EUR_AF=0;AFR_AF=0;AMR_AF=0;SAS_AF=0;VT=SNP;NS=2548,GT,1|0
22,29289722,.,C,T,.,PASS,AC=3363;AN=5096;DP=19802;AF=0.66;EAS_AF=0.71;EUR_AF=0.62;AFR_AF=0.8;AMR_AF=0.46;SAS_AF=0.6;VT=SNP;NS=2548,GT,1|1
22,29292643,.,T,G,.,PASS,AC=859;AN=5096;DP=307613;AF=0.17;EAS_AF=0.2;EUR_AF=0.19;AFR_AF=0.01;AMR_AF=0.16;SAS_AF=0.34;EX_TARGET;VT=SNP;NS=2548,GT,0|1
22,29293848,.,A,G,.,PASS,AC=4505;AN=5096;DP=19056;AF=0.88;EAS_AF=0.96;EUR_AF=0.78;AFR_AF=0.9;AMR_AF=0.87;SAS_AF=0.9;VT=SNP;NS=2548,GT,1|1
22,29293879,.,G,A,.,PASS,AC=5096;AN=5096;DP=19127;AF=1;EAS_AF=1;EUR_AF=1;AFR_AF=1;AMR_AF=1;SAS_AF=1;VT=SNP;NS=2548,GT,1|1
22,29294356,.,T,C,.,PASS,AC=3621;AN=5096;DP=14889;AF=0.71;EAS_AF=0.71;EUR_AF=0.63;AFR_AF=0.97;AMR_AF=0.48;SAS_AF=0.6;VT=SNP;NS=2548,GT,1|1
22,29295393,.,A,T,.,PASS,AC=3009;AN=5096;DP=21241;AF=0.59;EAS_AF=0.72;EUR_AF=0.61;AFR_AF=0.57;AMR_AF=0.42;SAS_AF=0.59;VT=SNP;NS=2548,GT,1|1
22,29296498,.,G,T,.,PASS,AC=4474;AN=5096;DP=92137;AF=0.88;EAS_AF=0.96;EUR_AF=0.77;AFR_AF=0.9;AMR_AF=0.86;SAS_AF=0.9;VT=SNP;NS=2548,GT,1|1
22,29296507,.,G,T,.,PASS,AC=4605;AN=5096;DP=85654;AF=0.9;EAS_AF=0.96;EUR_AF=0.84;AFR_AF=0.91;AMR_AF=0.9;SAS_AF=0.9;VT=SNP;NS=2548,GT,1|1
22,29298000,.,A,G,.,PASS,AC=1109;AN=5096;DP=163108;AF=0.22;EAS_AF=0.38;EUR_AF=0.19;AFR_AF=0.02;AMR_AF=0.17;SAS_AF=0.39;EX_TARGET;VT=SNP;NS=2548,GT,1|1
22,29298322,.,G,A,.,PASS,AC=3334;AN=5096;DP=21708;AF=0.65;EAS_AF=0.72;EUR_AF=0.62;AFR_AF=0.78;AMR_AF=0.46;SAS_AF=0.59;VT=SNP;NS=2548,GT,1|1
22,29298493,.,T,C,.,PASS,AC=3429;AN=5096;DP=23791;AF=0.67;EAS_AF=0.72;EUR_AF=0.63;AFR_AF=0.84;AMR_AF=0.47;SAS_AF=0.6;VT=SNP;NS=2548,GT,1|1
22,29298988,.,G,A,.,PASS,AC=1;AN=5096;DP=103307;AF=0;EAS_AF=0;EUR_AF=0;AFR_AF=0;AMR_AF=0;SAS_AF=0;VT=SNP;NS=2548,GT,1|0
22,29299443,.,G,A,.,PASS,AC=1;AN=5096;DP=151274;AF=0;EAS_AF=0;EUR_AF=0;AFR_AF=0;AMR_AF=0;SAS_AF=0;VT=SNP;NS=2548,GT,1|0
