#CHROM,POS,ID,REF,ALT,QUAL,FILTER,INFO,FORMAT,HG02084
22,29481576,.,A,G,.,PASS,AC=4415;AN=5096;DP=19564;AF=0.87;EAS_AF=0.62;EUR_AF=0.91;AFR_AF=0.97;AMR_AF=0.88;SAS_AF=0.93;VT=SNP;NS=2548,GT,1|1
22,29483756,.,C,G,.,PASS,AC=416;AN=5096;DP=25283;AF=0.08;EAS_AF=0.17;EUR_AF=0.09;AFR_AF=0.03;AMR_AF=0.06;SAS_AF=0.07;VT=SNP;NS=2548,GT,0|1
22,29483768,.,GA,G,.,PASS,AC=1990;AN=5096;DP=22320;AF=0.39;EAS_AF=0.34;EUR_AF=0.35;AFR_AF=0.46;AMR_AF=0.32;SAS_AF=0.44;VT=INDEL;NS=2548,GT,1|0
22,29483827,.,TTTTATTTA,T,.,PASS,AC=1782;AN=5096;DP=17104;AF=0.35;EAS_AF=0.42;EUR_AF=0.17;AFR_AF=0.41;AMR_AF=0.24;SAS_AF=0.47;VT=INDEL;NS=2548,GT,1|1
22,29484925,.,T,C,.,PASS,AC=3980;AN=5096;DP=22547;AF=0.78;EAS_AF=0.88;EUR_AF=0.64;AFR_AF=0.91;AMR_AF=0.64;SAS_AF=0.74;VT=SNP;NS=2548,GT,1|1
22,29485225,.,C,T,.,PASS,AC=3718;AN=5096;DP=23660;AF=0.73;EAS_AF=0.87;EUR_AF=0.63;AFR_AF=0.76;AMR_AF=0.64;SAS_AF=0.72;VT=SNP;NS=2548,GT,1|1
22,29485479,.,G,A,.,PASS,AC=1713;AN=5096;DP=33833;AF=0.34;EAS_AF=0.41;EUR_AF=0.3;AFR_AF=0.42;AMR_AF=0.24;SAS_AF=0.26;VT=SNP;NS=2548,GT,1|1
22,29485895,.,G,A,.,PASS,AC=5024;AN=5096;DP=162423;AF=0.99;EAS_AF=1;EUR_AF=0.96;AFR_AF=1;AMR_AF=0.97;SAS_AF=0.99;EX_TARGET;VT=SNP;NS=2548,GT,1|1
22,29487903,.,G,T,.,PASS,AC=4318;AN=5096;DP=21985;AF=0.85;EAS_AF=0.93;EUR_AF=0.77;AFR_AF=0.86;AMR_AF=0.77;SAS_AF=0.89;VT=SNP;NS=2548,GT,1|1
22,29488288,.,T,C,.,PASS,AC=4278;AN=5096;DP=19182;AF=0.84;EAS_AF=0.93;EUR_AF=0.77;AFR_AF=0.83;AMR_AF=0.76;SAS_AF=0.89;VT=SNP;NS=2548,GT,1|1
22,29489578,.,A,AAAGTCCCCTGAGAAGGCC,.,PASS,AC=3614;AN=5096;DP=398423;AF=0.71;EAS_AF=0.87;EUR_AF=0.63;AFR_AF=0.7;AMR_AF=0.63;SAS_AF=0.7;EX_TARGET;VT=INDEL;NS=2548,GT,1|1
22,29489605,.,A,T,.,PASS,AC=2144;AN=5096;DP=478132;AF=0.42;EAS_AF=0.46;EUR_AF=0.39;AFR_AF=0.42;AMR_AF=0.38;SAS_AF=0.43;EX_TARGET;VT=SNP;NS=2548,GT,0|1
22,29489609,.,AAGGAAG,A,.,PASS,AC=2210;AN=5096;DP=479474;AF=0.43;EAS_AF=0.47;EUR_AF=0.41;AFR_AF=0.44;AMR_AF=0.39;SAS_AF=0.45;EX_TARGET;VT=INDEL;NS=2548,GT,0|1
22,29489872,.,T,C,.,PASS,AC=4330;AN=5096;DP=446992;AF=0.85;EAS_AF=0.93;EUR_AF=0.77;AFR_AF=0.87;AMR_AF=0.77;SAS_AF=0.89;EX_TARGET;VT=SNP;NS=2548,GT,1|1
22,29490424,.,A,G,.,PASS,AC=4327;AN=5096;DP=283720;AF=0.85;EAS_AF=0.93;EUR_AF=0.77;AFR_AF=0.87;AMR_AF=0.77;SAS_AF=0.89;EX_TARGET;VT=SNP;NS=2548,GT,1|1
22,29490904,.,G,T,.,PASS,AC=3717;AN=5096;DP=26275;AF=0.73;EAS_AF=0.87;EUR_AF=0.63;AFR_AF=0.76;AMR_AF=0.64;SAS_AF=0.72;VT=SNP;NS=2548,GT,1|1
22,29491197,.,G,C,.,PASS,AC=3719;AN=5096;DP=23492;AF=0.73;EAS_AF=0.87;EUR_AF=0.63;AFR_AF=0.76;AMR_AF=0.64;SAS_AF=0.72;VT=SNP;NS=2548,GT,1|1
