#CHROM,POS,ID,REF,ALT,QUAL,FILTER,INFO,FORMAT,HG01840
4,169393141,.,A,G,.,PASS,AC=4579;AN=5096;DP=18173;AF=0.9;EAS_AF=0.8;EUR_AF=0.89;AFR_AF=0.96;AMR_AF=0.92;SAS_AF=0.92;VT=SNP;NS=2548,GT,1|1
4,169393217,.,T,G,.,PASS,AC=1856;AN=5096;DP=18008;AF=0.36;EAS_AF=0.07;EUR_AF=0.34;AFR_AF=0.56;AMR_AF=0.25;SAS_AF=0.51;VT=SNP;NS=2548,GT,1|0
4,169393800,.,T,C,.,PASS,AC=778;AN=5096;DP=21222;AF=0.15;EAS_AF=0.04;EUR_AF=0.23;AFR_AF=0.03;AMR_AF=0.15;SAS_AF=0.35;VT=SNP;NS=2548,GT,1|0
4,169394015,.,A,G,.,PASS,AC=1846;AN=5096;DP=20097;AF=0.36;EAS_AF=0.07;EUR_AF=0.34;AFR_AF=0.55;AMR_AF=0.24;SAS_AF=0.51;VT=SNP;NS=2548,GT,1|0
4,169394345,.,C,T,.,PASS,AC=4614;AN=5096;DP=52361;AF=0.91;EAS_AF=0.8;EUR_AF=0.89;AFR_AF=0.99;AMR_AF=0.92;SAS_AF=0.92;VT=SNP;NS=2548,GT,1|1
4,169394721,.,G,A,.,PASS,AC=1775;AN=5096;DP=31033;AF=0.35;EAS_AF=0.07;EUR_AF=0.34;AFR_AF=0.51;AMR_AF=0.23;SAS_AF=0.51;VT=SNP;NS=2548,GT,1|0
4,169395258,.,T,C,.,PASS,AC=4580;AN=5096;DP=20962;AF=0.9;EAS_AF=0.8;EUR_AF=0.89;AFR_AF=0.96;AMR_AF=0.92;SAS_AF=0.92;VT=SNP;NS=2548,GT,1|1
4,169395997,.,C,A,.,PASS,AC=4580;AN=5096;DP=21026;AF=0.9;EAS_AF=0.8;EUR_AF=0.89;AFR_AF=0.96;AMR_AF=0.92;SAS_AF=0.92;VT=SNP;NS=2548,GT,1|1
4,169397228,.,G,GA,.,PASS,AC=2180;AN=5096;DP=18112;AF=0.43;EAS_AF=0.71;EUR_AF=0.53;AFR_AF=0.05;AMR_AF=0.6;SAS_AF=0.41;VT=INDEL;NS=2548,GT,0|1
4,169397360,.,A,T,.,PASS,AC=744;AN=5096;DP=20805;AF=0.15;EAS_AF=0.04;EUR_AF=0.23;AFR_AF=0.01;AMR_AF=0.15;SAS_AF=0.35;VT=SNP;NS=2548,GT,1|0
4,169397487,.,A,AT,.,PASS,AC=1265;AN=5096;DP=20548;AF=0.25;EAS_AF=0.04;EUR_AF=0.27;AFR_AF=0.31;AMR_AF=0.19;SAS_AF=0.4;VT=INDEL;NS=2548,GT,1|0
4,169398320,.,G,A,.,PASS,AC=1742;AN=5096;DP=16308;AF=0.34;EAS_AF=0.07;EUR_AF=0.34;AFR_AF=0.49;AMR_AF=0.23;SAS_AF=0.51;VT=SNP;NS=2548,GT,1|0
4,169398959,.,C,G,.,PASS,AC=1739;AN=5096;DP=19492;AF=0.34;EAS_AF=0.07;EUR_AF=0.34;AFR_AF=0.48;AMR_AF=0.23;SAS_AF=0.51;VT=SNP;NS=2548,GT,1|0
4,169399571,.,C,CA,.,PASS,AC=1309;AN=5096;DP=18750;AF=0.26;EAS_AF=0.05;EUR_AF=0.27;AFR_AF=0.34;AMR_AF=0.19;SAS_AF=0.4;VT=INDEL;NS=2548,GT,1|0
4,169399633,.,C,T,.,PASS,AC=1804;AN=5096;DP=18078;AF=0.35;EAS_AF=0.07;EUR_AF=0.34;AFR_AF=0.53;AMR_AF=0.24;SAS_AF=0.51;VT=SNP;NS=2548,GT,1|0
4,169401121,.,G,A,.,PASS,AC=4438;AN=5096;DP=18666;AF=0.87;EAS_AF=0.8;EUR_AF=0.89;AFR_AF=0.86;AMR_AF=0.9;SAS_AF=0.92;VT=SNP;NS=2548,GT,1|1
4,169401161,.,C,T,.,PASS,AC=2703;AN=5096;DP=18922;AF=0.53;EAS_AF=0.73;EUR_AF=0.55;AFR_AF=0.38;AMR_AF=0.67;SAS_AF=0.41;VT=SNP;NS=2548,GT,0|1
4,169401962,.,C,T,.,PASS,AC=775;AN=5096;DP=59243;AF=0.15;EAS_AF=0.04;EUR_AF=0.23;AFR_AF=0.03;AMR_AF=0.15;SAS_AF=0.35;VT=SNP;NS=2548,GT,1|0
4,169403320,.,C,CA,.,PASS,AC=779;AN=5096;DP=17945;AF=0.15;EAS_AF=0.04;EUR_AF=0.23;AFR_AF=0.03;AMR_AF=0.15;SAS_AF=0.35;VT=INDEL;NS=2548,GT,1|0
4,169403440,.,C,T,.,PASS,AC=2678;AN=5096;DP=17130;AF=0.53;EAS_AF=0.73;EUR_AF=0.54;AFR_AF=0.37;AMR_AF=0.67;SAS_AF=0.41;VT=SNP;NS=2548,GT,0|1
4,169403673,.,G,C,.,PASS,AC=776;AN=5096;DP=18260;AF=0.15;EAS_AF=0.04;EUR_AF=0.23;AFR_AF=0.03;AMR_AF=0.15;SAS_AF=0.35;VT=SNP;NS=2548,GT,1|0
4,169404081,.,G,GA,.,PASS,AC=5046;AN=5096;DP=14236;AF=0.99;EAS_AF=0.98;EUR_AF=0.99;AFR_AF=1;AMR_AF=1;SAS_AF=0.99;VT=INDEL;NS=2548,GT,1|1
4,169404561,.,G,C,.,PASS,AC=1776;AN=5096;DP=15254;AF=0.35;EAS_AF=0.07;EUR_AF=0.34;AFR_AF=0.51;AMR_AF=0.23;SAS_AF=0.51;VT=SNP;NS=2548,GT,1|0
4,169404782,.,A,AT,.,PASS,AC=2658;AN=5096;DP=16436;AF=0.52;EAS_AF=0.72;EUR_AF=0.52;AFR_AF=0.39;AMR_AF=0.64;SAS_AF=0.4;VT=INDEL;NS=2548,GT,0|1
4,169405208,.,T,C,.,PASS,AC=1756;AN=5096;DP=24636;AF=0.34;EAS_AF=0.07;EUR_AF=0.34;AFR_AF=0.49;AMR_AF=0.23;SAS_AF=0.51;VT=SNP;NS=2548,GT,1|0
4,169407058,.,A,G,.,PASS,AC=1826;AN=5096;DP=17171;AF=0.36;EAS_AF=0.07;EUR_AF=0.35;AFR_AF=0.53;AMR_AF=0.25;SAS_AF=0.51;VT=SNP;NS=2548,GT,1|0
4,169407238,.,C,T,.,PASS,AC=2683;AN=5096;DP=23600;AF=0.53;EAS_AF=0.73;EUR_AF=0.55;AFR_AF=0.37;AMR_AF=0.67;SAS_AF=0.41;VT=SNP;NS=2548,GT,0|1
4,169407653,.,A,G,.,PASS,AC=4592;AN=5096;DP=23486;AF=0.9;EAS_AF=0.8;EUR_AF=0.89;AFR_AF=0.96;AMR_AF=0.93;SAS_AF=0.92;VT=SNP;NS=2548,GT,1|1
4,169407728,.,C,G,.,PASS,AC=1207;AN=5096;DP=23202;AF=0.24;EAS_AF=0.06;EUR_AF=0.27;AFR_AF=0.26;AMR_AF=0.18;SAS_AF=0.4;VT=SNP;NS=2548,GT,1|0
4,169408412,.,C,T,.,PASS,AC=1153;AN=5096;DP=18935;AF=0.23;EAS_AF=0.04;EUR_AF=0.27;AFR_AF=0.25;AMR_AF=0.18;SAS_AF=0.38;VT=SNP;NS=2548,GT,1|0
4,169408934,.,G,C,.,PASS,AC=4592;AN=5096;DP=24528;AF=0.9;EAS_AF=0.8;EUR_AF=0.89;AFR_AF=0.96;AMR_AF=0.93;SAS_AF=0.92;VT=SNP;NS=2548,GT,1|1
4,169409447,.,T,G,.,PASS,AC=2700;AN=5096;DP=13689;AF=0.53;EAS_AF=0.73;EUR_AF=0.55;AFR_AF=0.38;AMR_AF=0.67;SAS_AF=0.41;VT=SNP;NS=2548,GT,0|1
4,169410677,.,G,T,.,PASS,AC=1181;AN=5096;DP=22636;AF=0.23;EAS_AF=0.04;EUR_AF=0.27;AFR_AF=0.27;AMR_AF=0.18;SAS_AF=0.38;VT=SNP;NS=2548,GT,1|0
4,169410821,.,T,G,.,PASS,AC=1868;AN=5096;DP=25874;AF=0.37;EAS_AF=0.07;EUR_AF=0.35;AFR_AF=0.56;AMR_AF=0.26;SAS_AF=0.51;VT=SNP;NS=2548,GT,1|0
4,169411180,.,A,T,.,PASS,AC=4580;AN=5096;DP=23456;AF=0.9;EAS_AF=0.8;EUR_AF=0.89;AFR_AF=0.96;AMR_AF=0.92;SAS_AF=0.92;VT=SNP;NS=2548,GT,1|1
4,169411437,.,G,C,.,PASS,AC=1835;AN=5096;DP=18153;AF=0.36;EAS_AF=0.07;EUR_AF=0.33;AFR_AF=0.56;AMR_AF=0.24;SAS_AF=0.51;VT=SNP;NS=2548,GT,1|0
4,169411438,.,G,T,.,PASS,AC=1835;AN=5096;DP=18118;AF=0.36;EAS_AF=0.07;EUR_AF=0.33;AFR_AF=0.56;AMR_AF=0.24;SAS_AF=0.51;VT=SNP;NS=2548,GT,1|0
4,169412452,.,C,G,.,PASS,AC=4113;AN=5096;DP=22911;AF=0.81;EAS_AF=0.8;EUR_AF=0.89;AFR_AF=0.63;AMR_AF=0.88;SAS_AF=0.92;VT=SNP;NS=2548,GT,1|1
4,169413171,.,AT,A,.,PASS,AC=3971;AN=5096;DP=19205;AF=0.78;EAS_AF=0.79;EUR_AF=0.87;AFR_AF=0.59;AMR_AF=0.84;SAS_AF=0.88;VT=INDEL;NS=2548,GT,1|1
4,169413210,.,C,T,.,PASS,AC=754;AN=5096;DP=18485;AF=0.15;EAS_AF=0.04;EUR_AF=0.23;AFR_AF=0.02;AMR_AF=0.15;SAS_AF=0.35;VT=SNP;NS=2548,GT,1|0
4,169413281,.,T,C,.,PASS,AC=4647;AN=5096;DP=19040;AF=0.91;EAS_AF=0.82;EUR_AF=0.92;AFR_AF=0.94;AMR_AF=0.93;SAS_AF=0.94;VT=SNP;NS=2548,GT,1|1
4,169413834,.,C,T,.,PASS,AC=4413;AN=5096;DP=20899;AF=0.87;EAS_AF=0.81;EUR_AF=0.9;AFR_AF=0.82;AMR_AF=0.9;SAS_AF=0.92;VT=SNP;NS=2548,GT,1|1
4,169413985,.,G,C,.,PASS,AC=4049;AN=5096;DP=22749;AF=0.79;EAS_AF=0.81;EUR_AF=0.9;AFR_AF=0.56;AMR_AF=0.87;SAS_AF=0.92;VT=SNP;NS=2548,GT,1|1
4,169414001,.,G,A,.,PASS,AC=4415;AN=5096;DP=23184;AF=0.87;EAS_AF=0.81;EUR_AF=0.9;AFR_AF=0.82;AMR_AF=0.9;SAS_AF=0.92;VT=SNP;NS=2548,GT,1|1
4,169414196,.,G,A,.,PASS,AC=4412;AN=5096;DP=19007;AF=0.87;EAS_AF=0.81;EUR_AF=0.9;AFR_AF=0.82;AMR_AF=0.9;SAS_AF=0.92;VT=SNP;NS=2548,GT,1|1
4,169415811,.,T,C,.,PASS,AC=4131;AN=5096;DP=23431;AF=0.81;EAS_AF=0.81;EUR_AF=0.9;AFR_AF=0.62;AMR_AF=0.88;SAS_AF=0.92;VT=SNP;NS=2548,GT,1|1
4,169416479,.,G,A,.,PASS,AC=3497;AN=5096;DP=23795;AF=0.69;EAS_AF=0.78;EUR_AF=0.83;AFR_AF=0.36;AMR_AF=0.82;SAS_AF=0.79;VT=SNP;NS=2548,GT,1|1
4,169416660,.,A,T,.,PASS,AC=4412;AN=5096;DP=22831;AF=0.87;EAS_AF=0.81;EUR_AF=0.9;AFR_AF=0.82;AMR_AF=0.9;SAS_AF=0.92;VT=SNP;NS=2548,GT,1|1
4,169417302,.,T,C,.,PASS,AC=3543;AN=5096;DP=23290;AF=0.7;EAS_AF=0.79;EUR_AF=0.83;AFR_AF=0.37;AMR_AF=0.82;SAS_AF=0.81;VT=SNP;NS=2548,GT,1|1
4,169418191,.,G,A,.,PASS,AC=744;AN=5096;DP=22065;AF=0.15;EAS_AF=0.04;EUR_AF=0.23;AFR_AF=0.01;AMR_AF=0.15;SAS_AF=0.35;VT=SNP;NS=2548,GT,1|0
4,169418379,.,C,T,.,PASS,AC=3501;AN=5096;DP=20966;AF=0.69;EAS_AF=0.78;EUR_AF=0.83;AFR_AF=0.36;AMR_AF=0.82;SAS_AF=0.79;VT=SNP;NS=2548,GT,1|1
4,169420180,.,C,T,.,PASS,AC=4558;AN=5096;DP=21316;AF=0.89;EAS_AF=0.81;EUR_AF=0.9;AFR_AF=0.92;AMR_AF=0.92;SAS_AF=0.92;VT=SNP;NS=2548,GT,1|1
4,169421710,.,G,A,.,PASS,AC=4050;AN=5096;DP=22241;AF=0.79;EAS_AF=0.81;EUR_AF=0.9;AFR_AF=0.57;AMR_AF=0.87;SAS_AF=0.92;VT=SNP;NS=2548,GT,1|1
4,169421904,.,T,A,.,PASS,AC=4050;AN=5096;DP=22884;AF=0.79;EAS_AF=0.82;EUR_AF=0.9;AFR_AF=0.56;AMR_AF=0.87;SAS_AF=0.92;VT=SNP;NS=2548,GT,1|1
4,169422119,.,C,T,.,PASS,AC=4491;AN=5096;DP=23736;AF=0.88;EAS_AF=0.82;EUR_AF=0.9;AFR_AF=0.87;AMR_AF=0.91;SAS_AF=0.92;VT=SNP;NS=2548,GT,1|1
4,169423769,.,G,A,.,PASS,AC=756;AN=5096;DP=17403;AF=0.15;EAS_AF=0.04;EUR_AF=0.23;AFR_AF=0.02;AMR_AF=0.15;SAS_AF=0.35;VT=SNP;NS=2548,GT,1|0
4,169424939,.,C,T,.,PASS,AC=4055;AN=5096;DP=59266;AF=0.8;EAS_AF=0.81;EUR_AF=0.9;AFR_AF=0.57;AMR_AF=0.87;SAS_AF=0.92;VT=SNP;NS=2548,GT,1|1
4,169425103,.,A,G,.,PASS,AC=4056;AN=5096;DP=23302;AF=0.8;EAS_AF=0.81;EUR_AF=0.9;AFR_AF=0.57;AMR_AF=0.87;SAS_AF=0.92;VT=SNP;NS=2548,GT,1|1
4,169425293,.,G,A,.,PASS,AC=3541;AN=5096;DP=17927;AF=0.69;EAS_AF=0.78;EUR_AF=0.83;AFR_AF=0.37;AMR_AF=0.82;SAS_AF=0.81;VT=SNP;NS=2548,GT,1|1
4,169425508,.,C,T,.,PASS,AC=4557;AN=5096;DP=22514;AF=0.89;EAS_AF=0.81;EUR_AF=0.9;AFR_AF=0.92;AMR_AF=0.92;SAS_AF=0.92;VT=SNP;NS=2548,GT,1|1
4,169427988,.,C,CTT,.,PASS,AC=111;AN=5096;DP=13673;AF=0.02;EAS_AF=0.01;EUR_AF=0.01;AFR_AF=0.04;AMR_AF=0.03;SAS_AF=0.01;VT=INDEL;NS=2548,GT,0|1
4,169428389,.,C,A,.,PASS,AC=4060;AN=5096;DP=7486;AF=0.8;EAS_AF=0.82;EUR_AF=0.9;AFR_AF=0.57;AMR_AF=0.87;SAS_AF=0.92;VT=SNP;NS=2548,GT,1|1
4,169428713,.,C,T,.,PASS,AC=4497;AN=5096;DP=15759;AF=0.88;EAS_AF=0.82;EUR_AF=0.9;AFR_AF=0.88;AMR_AF=0.91;SAS_AF=0.92;VT=SNP;NS=2548,GT,1|1
4,169428808,.,C,T,.,PASS,AC=17;AN=5096;DP=20299;AF=0;EAS_AF=0.01;EUR_AF=0;AFR_AF=0;AMR_AF=0;SAS_AF=0.01;VT=SNP;NS=2548,GT,1|0
4,169429085,.,AC,A,.,PASS,AC=4134;AN=5096;DP=20888;AF=0.81;EAS_AF=0.82;EUR_AF=0.9;AFR_AF=0.62;AMR_AF=0.88;SAS_AF=0.92;VT=INDEL;NS=2548,GT,1|1
4,169429613,.,C,CT,.,PASS,AC=4497;AN=5096;DP=21490;AF=0.88;EAS_AF=0.82;EUR_AF=0.9;AFR_AF=0.88;AMR_AF=0.91;SAS_AF=0.92;VT=INDEL;NS=2548,GT,1|1
4,169430831,.,T,C,.,PASS,AC=4558;AN=5096;DP=18163;AF=0.89;EAS_AF=0.82;EUR_AF=0.9;AFR_AF=0.92;AMR_AF=0.92;SAS_AF=0.92;VT=SNP;NS=2548,GT,1|1
4,169430882,.,A,G,.,PASS,AC=4134;AN=5096;DP=16630;AF=0.81;EAS_AF=0.82;EUR_AF=0.9;AFR_AF=0.62;AMR_AF=0.88;SAS_AF=0.92;VT=SNP;NS=2548,GT,1|1
4,169431174,.,A,C,.,PASS,AC=4134;AN=5096;DP=15568;AF=0.81;EAS_AF=0.82;EUR_AF=0.9;AFR_AF=0.62;AMR_AF=0.88;SAS_AF=0.92;VT=SNP;NS=2548,GT,1|1
4,169431290,.,TA,T,.,PASS,AC=894;AN=5096;DP=14759;AF=0.18;EAS_AF=0.04;EUR_AF=0.23;AFR_AF=0.12;AMR_AF=0.16;SAS_AF=0.35;VT=INDEL;NS=2548,GT,1|0
4,169431526,.,T,TAATAG,.,PASS,AC=4556;AN=5096;DP=14806;AF=0.89;EAS_AF=0.82;EUR_AF=0.9;AFR_AF=0.92;AMR_AF=0.92;SAS_AF=0.92;VT=INDEL;NS=2548,GT,1|1
4,169431550,.,A,T,.,PASS,AC=3613;AN=5096;DP=16235;AF=0.71;EAS_AF=0.79;EUR_AF=0.83;AFR_AF=0.42;AMR_AF=0.83;SAS_AF=0.81;VT=SNP;NS=2548,GT,1|1
4,169431668,.,T,C,.,PASS,AC=4134;AN=5096;DP=14523;AF=0.81;EAS_AF=0.82;EUR_AF=0.9;AFR_AF=0.62;AMR_AF=0.88;SAS_AF=0.92;VT=SNP;NS=2548,GT,1|1
4,169432904,.,C,G,.,PASS,AC=4135;AN=5096;DP=15560;AF=0.81;EAS_AF=0.82;EUR_AF=0.9;AFR_AF=0.62;AMR_AF=0.88;SAS_AF=0.92;VT=SNP;NS=2548,GT,1|1
4,169433325,.,G,C,.,PASS,AC=3503;AN=5096;DP=29895;AF=0.69;EAS_AF=0.78;EUR_AF=0.83;AFR_AF=0.36;AMR_AF=0.82;SAS_AF=0.79;VT=SNP;NS=2548,GT,1|1
4,169433685,.,C,T,.,PASS,AC=4052;AN=5096;DP=180029;AF=0.8;EAS_AF=0.82;EUR_AF=0.9;AFR_AF=0.57;AMR_AF=0.87;SAS_AF=0.92;EX_TARGET;VT=SNP;NS=2548,GT,1|1
4,169433722,.,T,C,.,PASS,AC=3502;AN=5096;DP=117947;AF=0.69;EAS_AF=0.78;EUR_AF=0.83;AFR_AF=0.36;AMR_AF=0.82;SAS_AF=0.79;EX_TARGET;VT=SNP;NS=2548,GT,1|1
4,169434193,.,A,C,.,PASS,AC=4563;AN=5096;DP=15486;AF=0.9;EAS_AF=0.82;EUR_AF=0.91;AFR_AF=0.92;AMR_AF=0.92;SAS_AF=0.92;VT=SNP;NS=2548,GT,1|1
4,169434475,.,T,A,.,PASS,AC=4051;AN=5096;DP=19596;AF=0.79;EAS_AF=0.82;EUR_AF=0.9;AFR_AF=0.57;AMR_AF=0.87;SAS_AF=0.92;VT=SNP;NS=2548,GT,1|1
4,169436641,.,G,A,.,PASS,AC=2361;AN=5096;DP=22795;AF=0.46;EAS_AF=0.74;EUR_AF=0.57;AFR_AF=0.12;AMR_AF=0.64;SAS_AF=0.41;VT=SNP;NS=2548,GT,0|1
4,169437223,.,AT,A,.,PASS,AC=5071;AN=5096;DP=22066;AF=1;EAS_AF=0.99;EUR_AF=0.99;AFR_AF=1;AMR_AF=1;SAS_AF=0.99;VT=INDEL;NS=2548,GT,1|1
4,169437533,.,T,C,.,PASS,AC=3596;AN=5096;DP=22600;AF=0.71;EAS_AF=0.79;EUR_AF=0.83;AFR_AF=0.41;AMR_AF=0.82;SAS_AF=0.81;VT=SNP;NS=2548,GT,1|1
4,169437870,.,G,A,.,PASS,AC=4560;AN=5096;DP=28031;AF=0.89;EAS_AF=0.81;EUR_AF=0.9;AFR_AF=0.92;AMR_AF=0.92;SAS_AF=0.92;VT=SNP;NS=2548,GT,1|1
4,169444819,.,C,G,.,PASS,AC=4340;AN=5096;DP=24117;AF=0.85;EAS_AF=0.96;EUR_AF=0.77;AFR_AF=0.98;AMR_AF=0.85;SAS_AF=0.65;VT=SNP;NS=2548,GT,0|1
4,169445867,.,C,T,.,PASS,AC=1754;AN=5096;DP=13583;AF=0.34;EAS_AF=0.26;EUR_AF=0.27;AFR_AF=0.57;AMR_AF=0.28;SAS_AF=0.24;VT=SNP;NS=2548,GT,0|1
4,169446084,.,C,T,.,PASS,AC=4340;AN=5096;DP=15597;AF=0.85;EAS_AF=0.96;EUR_AF=0.77;AFR_AF=0.98;AMR_AF=0.85;SAS_AF=0.65;VT=SNP;NS=2548,GT,0|1
4,169448984,.,C,T,.,PASS,AC=2333;AN=5096;DP=23105;AF=0.46;EAS_AF=0.74;EUR_AF=0.57;AFR_AF=0.1;AMR_AF=0.64;SAS_AF=0.41;VT=SNP;NS=2548,GT,0|1
4,169451203,.,A,C,.,PASS,AC=1;AN=5096;DP=22527;AF=0;EAS_AF=0;EUR_AF=0;AFR_AF=0;AMR_AF=0;SAS_AF=0;VT=SNP;NS=2548,GT,1|0
4,169451985,.,T,A,.,PASS,AC=4194;AN=5096;DP=22280;AF=0.82;EAS_AF=0.96;EUR_AF=0.77;AFR_AF=0.88;AMR_AF=0.84;SAS_AF=0.65;VT=SNP;NS=2548,GT,0|1
4,169455241,.,T,G,.,PASS,AC=4370;AN=5096;DP=22985;AF=0.86;EAS_AF=0.96;EUR_AF=0.77;AFR_AF=0.98;AMR_AF=0.85;SAS_AF=0.68;VT=SNP;NS=2548,GT,0|1
4,169455554,.,A,G,.,PASS,AC=2463;AN=5096;DP=20258;AF=0.48;EAS_AF=0.74;EUR_AF=0.57;AFR_AF=0.17;AMR_AF=0.64;SAS_AF=0.44;VT=SNP;NS=2548,GT,0|1
4,169466467,.,C,CTT,.,PASS,AC=4359;AN=5096;DP=17865;AF=0.86;EAS_AF=0.96;EUR_AF=0.78;AFR_AF=0.98;AMR_AF=0.85;SAS_AF=0.65;VT=INDEL;NS=2548,GT,0|1
4,169466861,.,TA,T,.,PASS,AC=3928;AN=5096;DP=15843;AF=0.77;EAS_AF=0.96;EUR_AF=0.74;AFR_AF=0.74;AMR_AF=0.82;SAS_AF=0.62;VT=INDEL;NS=2548,GT,0|1
4,169472043,.,G,T,.,PASS,AC=4370;AN=5096;DP=18478;AF=0.86;EAS_AF=0.96;EUR_AF=0.78;AFR_AF=0.99;AMR_AF=0.85;SAS_AF=0.65;VT=SNP;NS=2548,GT,0|1
4,169473104,.,GA,G,.,PASS,AC=4330;AN=5096;DP=15101;AF=0.85;EAS_AF=0.95;EUR_AF=0.78;AFR_AF=0.98;AMR_AF=0.84;SAS_AF=0.65;VT=INDEL;NS=2548,GT,0|1
4,169477692,.,T,C,.,PASS,AC=2387;AN=5096;DP=23920;AF=0.47;EAS_AF=0.74;EUR_AF=0.59;AFR_AF=0.12;AMR_AF=0.64;SAS_AF=0.41;VT=SNP;NS=2548,GT,0|1
4,169480275,.,A,T,.,PASS,AC=2359;AN=5096;DP=19998;AF=0.46;EAS_AF=0.74;EUR_AF=0.58;AFR_AF=0.1;AMR_AF=0.64;SAS_AF=0.41;VT=SNP;NS=2548,GT,0|1
4,169482054,.,A,T,.,PASS,AC=2358;AN=5096;DP=24882;AF=0.46;EAS_AF=0.74;EUR_AF=0.58;AFR_AF=0.1;AMR_AF=0.64;SAS_AF=0.41;VT=SNP;NS=2548,GT,0|1
4,169486897,.,T,G,.,PASS,AC=2397;AN=5096;DP=19103;AF=0.47;EAS_AF=0.74;EUR_AF=0.59;AFR_AF=0.12;AMR_AF=0.64;SAS_AF=0.42;VT=SNP;NS=2548,GT,0|1
4,169491610,.,T,TAAGA,.,PASS,AC=2394;AN=5096;DP=19493;AF=0.47;EAS_AF=0.74;EUR_AF=0.59;AFR_AF=0.12;AMR_AF=0.64;SAS_AF=0.42;VT=INDEL;NS=2548,GT,0|1
4,169497961,.,G,T,.,PASS,AC=730;AN=5096;DP=23024;AF=0.14;EAS_AF=0.04;EUR_AF=0.21;AFR_AF=0.02;AMR_AF=0.15;SAS_AF=0.35;VT=SNP;NS=2548,GT,1|0
4,169501311,.,C,T,.,PASS,AC=2338;AN=5096;DP=20485;AF=0.46;EAS_AF=0.74;EUR_AF=0.57;AFR_AF=0.1;AMR_AF=0.64;SAS_AF=0.41;VT=SNP;NS=2548,GT,0|1
4,169501407,.,G,A,.,PASS,AC=2368;AN=5096;DP=19658;AF=0.46;EAS_AF=0.74;EUR_AF=0.57;AFR_AF=0.12;AMR_AF=0.64;SAS_AF=0.41;VT=SNP;NS=2548,GT,0|1
4,169504940,.,C,T,.,PASS,AC=5096;AN=5096;DP=17438;AF=1;EAS_AF=1;EUR_AF=1;AFR_AF=1;AMR_AF=1;SAS_AF=1;VT=SNP;NS=2548,GT,1|1
4,169505513,.,C,T,.,PASS,AC=5024;AN=5096;DP=20522;AF=0.99;EAS_AF=1;EUR_AF=1;AFR_AF=0.95;AMR_AF=1;SAS_AF=1;VT=SNP;NS=2548,GT,1|1
4,169507201,.,G,T,.,PASS,AC=4785;AN=5096;DP=54986;AF=0.94;EAS_AF=0.96;EUR_AF=0.94;AFR_AF=0.91;AMR_AF=0.95;SAS_AF=0.95;VT=SNP;NS=2548,GT,1|1
4,169510945,.,T,G,.,PASS,AC=4;AN=5096;DP=24915;AF=0;EAS_AF=0;EUR_AF=0;AFR_AF=0;AMR_AF=0;SAS_AF=0;VT=SNP;NS=2548,GT,1|0
4,169515020,.,G,A,.,PASS,AC=1;AN=5096;DP=20032;AF=0;EAS_AF=0;EUR_AF=0;AFR_AF=0;AMR_AF=0;SAS_AF=0;VT=SNP;NS=2548,GT,0|1
4,169527313,.,C,T,.,PASS,AC=2400;AN=5096;DP=19345;AF=0.47;EAS_AF=0.74;EUR_AF=0.58;AFR_AF=0.12;AMR_AF=0.64;SAS_AF=0.43;VT=SNP;NS=2548,GT,0|1
4,169529301,.,CA,C,.,PASS,AC=2412;AN=5096;DP=18553;AF=0.47;EAS_AF=0.74;EUR_AF=0.59;AFR_AF=0.12;AMR_AF=0.64;SAS_AF=0.43;VT=INDEL;NS=2548,GT,0|1
4,169530183,.,G,A,.,PASS,AC=723;AN=5096;DP=24424;AF=0.14;EAS_AF=0.04;EUR_AF=0.21;AFR_AF=0.01;AMR_AF=0.15;SAS_AF=0.34;VT=SNP;NS=2548,GT,1|0
4,169531088,.,A,T,.,PASS,AC=10;AN=5096;DP=19737;AF=0;EAS_AF=0.01;EUR_AF=0;AFR_AF=0;AMR_AF=0;SAS_AF=0;VT=SNP;NS=2548,GT,0|1
4,169532792,.,GA,G,.,PASS,AC=5023;AN=5096;DP=18960;AF=0.99;EAS_AF=1;EUR_AF=1;AFR_AF=0.95;AMR_AF=1;SAS_AF=1;VT=INDEL;NS=2548,GT,1|1
4,169535603,.,C,T,.,PASS,AC=717;AN=5096;DP=19458;AF=0.14;EAS_AF=0.04;EUR_AF=0.21;AFR_AF=0.01;AMR_AF=0.15;SAS_AF=0.34;VT=SNP;NS=2548,GT,1|0
4,169536358,.,G,T,.,PASS,AC=1;AN=5096;DP=19000;AF=0;EAS_AF=0;EUR_AF=0;AFR_AF=0;AMR_AF=0;SAS_AF=0;VT=SNP;NS=2548,GT,1|0
4,169536903,.,T,G,.,PASS,AC=4950;AN=5096;DP=17165;AF=0.97;EAS_AF=1;EUR_AF=1;AFR_AF=0.9;AMR_AF=0.99;SAS_AF=1;VT=SNP;NS=2548,GT,1|1
4,169543333,.,C,T,.,PASS,AC=750;AN=5096;DP=21439;AF=0.15;EAS_AF=0.04;EUR_AF=0.23;AFR_AF=0.02;AMR_AF=0.15;SAS_AF=0.34;VT=SNP;NS=2548,GT,1|0
4,169544824,.,C,T,.,PASS,AC=5022;AN=5096;DP=16398;AF=0.99;EAS_AF=1;EUR_AF=1;AFR_AF=0.95;AMR_AF=1;SAS_AF=1;VT=SNP;NS=2548,GT,1|1
4,169546055,.,G,C,.,PASS,AC=2373;AN=5096;DP=22250;AF=0.47;EAS_AF=0.74;EUR_AF=0.57;AFR_AF=0.12;AMR_AF=0.64;SAS_AF=0.41;VT=SNP;NS=2548,GT,0|1
4,169548951,.,C,T,.,PASS,AC=5091;AN=5096;DP=23082;AF=1;EAS_AF=1;EUR_AF=1;AFR_AF=1;AMR_AF=1;SAS_AF=1;VT=SNP;NS=2548,GT,1|1
4,169552606,.,G,A,.,PASS,AC=2342;AN=5096;DP=20535;AF=0.46;EAS_AF=0.74;EUR_AF=0.57;AFR_AF=0.1;AMR_AF=0.64;SAS_AF=0.42;VT=SNP;NS=2548,GT,0|1
4,169553093,.,C,T,.,PASS,AC=2374;AN=5096;DP=19618;AF=0.47;EAS_AF=0.74;EUR_AF=0.57;AFR_AF=0.12;AMR_AF=0.64;SAS_AF=0.42;VT=SNP;NS=2548,GT,0|1
4,169555548,.,T,TCA,.,PASS,AC=5022;AN=5096;DP=47286;AF=0.99;EAS_AF=1;EUR_AF=1;AFR_AF=0.95;AMR_AF=1;SAS_AF=1;VT=INDEL;NS=2548,GT,1|1
4,169556692,.,C,T,.,PASS,AC=739;AN=5096;DP=18303;AF=0.15;EAS_AF=0.04;EUR_AF=0.23;AFR_AF=0.01;AMR_AF=0.15;SAS_AF=0.34;VT=SNP;NS=2548,GT,1|0
4,169559737,.,C,T,.,PASS,AC=1110;AN=5096;DP=18890;AF=0.22;EAS_AF=0.04;EUR_AF=0.23;AFR_AF=0.27;AMR_AF=0.19;SAS_AF=0.35;VT=SNP;NS=2548,GT,1|0
4,169560605,.,A,G,.,PASS,AC=5095;AN=5096;DP=21678;AF=1;EAS_AF=1;EUR_AF=1;AFR_AF=1;AMR_AF=1;SAS_AF=1;VT=SNP;NS=2548,GT,1|1
4,169561036,.,A,G,.,PASS,AC=5022;AN=5096;DP=22187;AF=0.99;EAS_AF=1;EUR_AF=1;AFR_AF=0.95;AMR_AF=1;SAS_AF=1;VT=SNP;NS=2548,GT,1|1
4,169566403,.,G,A,.,PASS,AC=740;AN=5096;DP=19751;AF=0.15;EAS_AF=0.04;EUR_AF=0.23;AFR_AF=0.01;AMR_AF=0.15;SAS_AF=0.35;VT=SNP;NS=2548,GT,1|0
4,169568003,.,G,A,.,PASS,AC=5091;AN=5096;DP=21361;AF=1;EAS_AF=1;EUR_AF=1;AFR_AF=1;AMR_AF=1;SAS_AF=1;VT=SNP;NS=2548,GT,1|1
4,169570386,.,T,C,.,PASS,AC=4962;AN=5096;DP=11954;AF=0.97;EAS_AF=1;EUR_AF=1;AFR_AF=0.91;AMR_AF=0.99;SAS_AF=1;VT=SNP;NS=2548,GT,1|1
4,169570582,.,C,T,.,PASS,AC=740;AN=5096;DP=12391;AF=0.15;EAS_AF=0.04;EUR_AF=0.23;AFR_AF=0.01;AMR_AF=0.15;SAS_AF=0.35;VT=SNP;NS=2548,GT,1|0
4,169571895,.,A,AT,.,PASS,AC=4270;AN=5096;DP=16861;AF=0.84;EAS_AF=0.83;EUR_AF=0.84;AFR_AF=0.86;AMR_AF=0.82;SAS_AF=0.83;VT=INDEL;NS=2548,GT,1|1
4,169575919,.,A,T,.,PASS,AC=4518;AN=5096;DP=15950;AF=0.89;EAS_AF=0.97;EUR_AF=0.93;AFR_AF=0.76;AMR_AF=0.95;SAS_AF=0.89;VT=SNP;NS=2548,GT,1|1
4,169577318,.,T,TA,.,PASS,AC=745;AN=5096;DP=20817;AF=0.15;EAS_AF=0.04;EUR_AF=0.23;AFR_AF=0.02;AMR_AF=0.15;SAS_AF=0.34;VT=INDEL;NS=2548,GT,1|0
4,169583749,.,C,T,.,PASS,AC=739;AN=5096;DP=20744;AF=0.15;EAS_AF=0.04;EUR_AF=0.23;AFR_AF=0.01;AMR_AF=0.15;SAS_AF=0.35;VT=SNP;NS=2548,GT,1|0
4,169585839,.,C,T,.,PASS,AC=5092;AN=5096;DP=17761;AF=1;EAS_AF=1;EUR_AF=1;AFR_AF=1;AMR_AF=1;SAS_AF=1;VT=SNP;NS=2548,GT,1|1
4,169590400,.,T,G,.,PASS,AC=2345;AN=5096;DP=25195;AF=0.46;EAS_AF=0.74;EUR_AF=0.57;AFR_AF=0.1;AMR_AF=0.64;SAS_AF=0.42;VT=SNP;NS=2548,GT,0|1
4,169592128,.,G,C,.,PASS,AC=4958;AN=5096;DP=17921;AF=0.97;EAS_AF=1;EUR_AF=1;AFR_AF=0.9;AMR_AF=0.99;SAS_AF=1;VT=SNP;NS=2548,GT,1|1
4,169592698,.,TA,T,.,PASS,AC=2712;AN=5096;DP=15596;AF=0.53;EAS_AF=0.73;EUR_AF=0.58;AFR_AF=0.32;AMR_AF=0.68;SAS_AF=0.46;VT=INDEL;NS=2548,GT,0|1
4,169593144,.,CA,C,.,PASS,AC=1899;AN=5096;DP=19257;AF=0.37;EAS_AF=0.26;EUR_AF=0.25;AFR_AF=0.7;AMR_AF=0.23;SAS_AF=0.27;VT=INDEL;NS=2548,GT,0|1
4,169593483,.,A,G,.,PASS,AC=5024;AN=5096;DP=20892;AF=0.99;EAS_AF=1;EUR_AF=1;AFR_AF=0.95;AMR_AF=1;SAS_AF=1;VT=SNP;NS=2548,GT,1|1
4,169595068,.,C,G,.,PASS,AC=2343;AN=5096;DP=19231;AF=0.46;EAS_AF=0.74;EUR_AF=0.57;AFR_AF=0.1;AMR_AF=0.64;SAS_AF=0.41;VT=SNP;NS=2548,GT,0|1
4,169595095,.,T,C,.,PASS,AC=750;AN=5096;DP=18775;AF=0.15;EAS_AF=0.04;EUR_AF=0.23;AFR_AF=0.02;AMR_AF=0.15;SAS_AF=0.35;VT=SNP;NS=2548,GT,1|0
4,169595202,.,T,C,.,PASS,AC=750;AN=5096;DP=18744;AF=0.15;EAS_AF=0.04;EUR_AF=0.23;AFR_AF=0.02;AMR_AF=0.15;SAS_AF=0.35;VT=SNP;NS=2548,GT,1|0
4,169595453,.,A,G,.,PASS,AC=740;AN=5096;DP=17527;AF=0.15;EAS_AF=0.04;EUR_AF=0.23;AFR_AF=0.01;AMR_AF=0.15;SAS_AF=0.35;VT=SNP;NS=2548,GT,1|0
4,169601822,.,C,T,.,PASS,AC=2341;AN=5096;DP=36508;AF=0.46;EAS_AF=0.74;EUR_AF=0.57;AFR_AF=0.1;AMR_AF=0.64;SAS_AF=0.41;VT=SNP;NS=2548,GT,0|1
4,169604550,.,G,A,.,PASS,AC=2374;AN=5096;DP=21091;AF=0.47;EAS_AF=0.74;EUR_AF=0.57;AFR_AF=0.12;AMR_AF=0.64;SAS_AF=0.41;VT=SNP;NS=2548,GT,0|1
4,169604715,.,A,G,.,PASS,AC=4958;AN=5096;DP=20864;AF=0.97;EAS_AF=1;EUR_AF=1;AFR_AF=0.9;AMR_AF=0.99;SAS_AF=1;VT=SNP;NS=2548,GT,1|1
4,169607321,.,T,C,.,PASS,AC=2443;AN=5096;DP=17289;AF=0.48;EAS_AF=0.74;EUR_AF=0.57;AFR_AF=0.17;AMR_AF=0.64;SAS_AF=0.42;VT=SNP;NS=2548,GT,0|1
4,169607843,.,C,T,.,PASS,AC=5024;AN=5096;DP=18213;AF=0.99;EAS_AF=1;EUR_AF=1;AFR_AF=0.95;AMR_AF=1;SAS_AF=1;VT=SNP;NS=2548,GT,1|1
4,169608114,.,C,T,.,PASS,AC=388;AN=5096;DP=17189;AF=0.08;EAS_AF=0.1;EUR_AF=0.08;AFR_AF=0.04;AMR_AF=0.12;SAS_AF=0.06;VT=SNP;NS=2548,GT,0|1
4,169610344,.,C,T,.,PASS,AC=1;AN=5096;DP=19525;AF=0;EAS_AF=0;EUR_AF=0;AFR_AF=0;AMR_AF=0;SAS_AF=0;VT=SNP;NS=2548,GT,1|0
4,169611707,.,C,T,.,PASS,AC=747;AN=5096;DP=20459;AF=0.15;EAS_AF=0.04;EUR_AF=0.23;AFR_AF=0.02;AMR_AF=0.15;SAS_AF=0.35;VT=SNP;NS=2548,GT,1|0
