#CHROM,POS,ID,REF,ALT,QUAL,FILTER,INFO,FORMAT,HG01848
20,58389869,.,C,T,.,PASS,AC=1439;AN=5096;DP=22522;AF=0.28;EAS_AF=0.28;EUR_AF=0.26;AFR_AF=0.43;AMR_AF=0.29;SAS_AF=0.1;VT=SNP;NS=2548,GT,0|1
20,58390228,.,T,C,.,PASS,AC=1552;AN=5096;DP=21919;AF=0.3;EAS_AF=0.28;EUR_AF=0.26;AFR_AF=0.51;AMR_AF=0.3;SAS_AF=0.1;VT=SNP;NS=2548,GT,0|1
20,58390680,.,C,T,.,PASS,AC=666;AN=5096;DP=22774;AF=0.13;EAS_AF=0.27;EUR_AF=0.09;AFR_AF=0.12;AMR_AF=0.17;SAS_AF=0.03;VT=SNP;NS=2548,GT,0|1
20,58391108,.,C,T,.,PASS,AC=44;AN=5096;DP=21307;AF=0.01;EAS_AF=0.04;EUR_AF=0;AFR_AF=0;AMR_AF=0;SAS_AF=0;VT=SNP;NS=2548,GT,1|0
20,58391390,.,AAG,A,.,PASS,AC=667;AN=5096;DP=23142;AF=0.13;EAS_AF=0.27;EUR_AF=0.09;AFR_AF=0.12;AMR_AF=0.17;SAS_AF=0.03;VT=INDEL;NS=2548,GT,0|1
20,58394598,.,T,TA,.,PASS,AC=5;AN=5096;DP=21383;AF=0;EAS_AF=0;EUR_AF=0;AFR_AF=0;AMR_AF=0;SAS_AF=0;VT=INDEL;NS=2548,GT,1|0
20,58395851,.,T,A,.,PASS,AC=668;AN=5096;DP=21442;AF=0.13;EAS_AF=0.27;EUR_AF=0.09;AFR_AF=0.12;AMR_AF=0.17;SAS_AF=0.03;VT=SNP;NS=2548,GT,0|1
20,58400605,.,T,A,.,PASS,AC=669;AN=5096;DP=21162;AF=0.13;EAS_AF=0.3;EUR_AF=0.14;AFR_AF=0;AMR_AF=0.04;SAS_AF=0.19;VT=SNP;NS=2548,GT,1|0
20,58402358,.,T,G,.,PASS,AC=670;AN=5096;DP=23051;AF=0.13;EAS_AF=0.27;EUR_AF=0.09;AFR_AF=0.12;AMR_AF=0.17;SAS_AF=0.03;VT=SNP;NS=2548,GT,0|1
20,58402557,.,CCA,C,.,PASS,AC=1106;AN=5096;DP=21235;AF=0.22;EAS_AF=0.23;EUR_AF=0.23;AFR_AF=0.24;AMR_AF=0.23;SAS_AF=0.15;VT=INDEL;NS=2548,GT,1|0
20,58403044,.,G,A,.,PASS,AC=1529;AN=5096;DP=22331;AF=0.3;EAS_AF=0.28;EUR_AF=0.26;AFR_AF=0.49;AMR_AF=0.3;SAS_AF=0.1;VT=SNP;NS=2548,GT,0|1
20,58403122,.,A,G,.,PASS,AC=1513;AN=5096;DP=23161;AF=0.3;EAS_AF=0.31;EUR_AF=0.31;AFR_AF=0.33;AMR_AF=0.16;SAS_AF=0.32;VT=SNP;NS=2548,GT,1|0
20,58403212,.,C,T,.,PASS,AC=1406;AN=5096;DP=24025;AF=0.28;EAS_AF=0.31;EUR_AF=0.23;AFR_AF=0.33;AMR_AF=0.15;SAS_AF=0.31;VT=SNP;NS=2548,GT,1|0
20,58404068,.,A,T,.,PASS,AC=3016;AN=5096;DP=23669;AF=0.59;EAS_AF=0.59;EUR_AF=0.62;AFR_AF=0.73;AMR_AF=0.47;SAS_AF=0.46;VT=SNP;NS=2548,GT,1|1
20,58404360,.,G,T,.,PASS,AC=2857;AN=5096;DP=22393;AF=0.56;EAS_AF=0.59;EUR_AF=0.55;AFR_AF=0.71;AMR_AF=0.43;SAS_AF=0.43;VT=SNP;NS=2548,GT,1|1
20,58404407,.,C,T,.,PASS,AC=515;AN=5096;DP=23107;AF=0.1;EAS_AF=0.27;EUR_AF=0.09;AFR_AF=0;AMR_AF=0.17;SAS_AF=0.03;VT=SNP;NS=2548,GT,0|1
20,58404967,.,C,T,.,PASS,AC=673;AN=5096;DP=21494;AF=0.13;EAS_AF=0.27;EUR_AF=0.09;AFR_AF=0.12;AMR_AF=0.17;SAS_AF=0.03;VT=SNP;NS=2548,GT,0|1
20,58405027,.,T,C,.,PASS,AC=987;AN=5096;DP=22991;AF=0.19;EAS_AF=0.3;EUR_AF=0.15;AFR_AF=0.17;AMR_AF=0.07;SAS_AF=0.25;VT=SNP;NS=2548,GT,1|0
20,58405452,.,G,GTTTATT,.,PASS,AC=1536;AN=5096;DP=18408;AF=0.3;EAS_AF=0.31;EUR_AF=0.31;AFR_AF=0.33;AMR_AF=0.18;SAS_AF=0.32;VT=INDEL;NS=2548,GT,1|0
20,58405649,.,T,A,.,PASS,AC=1540;AN=5096;DP=15835;AF=0.3;EAS_AF=0.31;EUR_AF=0.32;AFR_AF=0.33;AMR_AF=0.18;SAS_AF=0.32;VT=SNP;NS=2548,GT,1|0
20,58405694,.,C,T,.,PASS,AC=48;AN=5096;DP=15098;AF=0.01;EAS_AF=0.03;EUR_AF=0;AFR_AF=0;AMR_AF=0.03;SAS_AF=0;VT=SNP;NS=2548,GT,0|1
20,58406419,.,C,T,.,PASS,AC=1540;AN=5096;DP=20375;AF=0.3;EAS_AF=0.31;EUR_AF=0.32;AFR_AF=0.33;AMR_AF=0.18;SAS_AF=0.32;VT=SNP;NS=2548,GT,1|0
20,58407241,.,A,G,.,PASS,AC=1539;AN=5096;DP=18177;AF=0.3;EAS_AF=0.31;EUR_AF=0.32;AFR_AF=0.33;AMR_AF=0.18;SAS_AF=0.32;VT=SNP;NS=2548,GT,1|0
20,58407613,.,G,A,.,PASS,AC=2870;AN=5096;DP=16984;AF=0.56;EAS_AF=0.59;EUR_AF=0.56;AFR_AF=0.71;AMR_AF=0.44;SAS_AF=0.43;VT=SNP;NS=2548,GT,1|1
20,58407883,.,C,G,.,PASS,AC=2295;AN=5096;DP=18043;AF=0.45;EAS_AF=0.58;EUR_AF=0.41;AFR_AF=0.51;AMR_AF=0.35;SAS_AF=0.35;VT=SNP;NS=2548,GT,1|1
20,58408116,.,C,G,.,PASS,AC=1539;AN=5096;DP=19569;AF=0.3;EAS_AF=0.31;EUR_AF=0.32;AFR_AF=0.33;AMR_AF=0.18;SAS_AF=0.32;VT=SNP;NS=2548,GT,1|0
20,58408902,.,CA,C,.,PASS,AC=2960;AN=5096;DP=10673;AF=0.58;EAS_AF=0.71;EUR_AF=0.54;AFR_AF=0.57;AMR_AF=0.5;SAS_AF=0.57;VT=INDEL;NS=2548,GT,1|1
20,58409038,.,T,G,.,PASS,AC=2302;AN=5096;DP=18240;AF=0.45;EAS_AF=0.58;EUR_AF=0.41;AFR_AF=0.51;AMR_AF=0.35;SAS_AF=0.35;VT=SNP;NS=2548,GT,1|1
20,58409192,.,C,CA,.,PASS,AC=1538;AN=5096;DP=18001;AF=0.3;EAS_AF=0.31;EUR_AF=0.32;AFR_AF=0.33;AMR_AF=0.18;SAS_AF=0.32;VT=INDEL;NS=2548,GT,1|0
20,58409292,.,A,G,.,PASS,AC=4766;AN=5096;DP=19346;AF=0.94;EAS_AF=1;EUR_AF=0.93;AFR_AF=0.97;AMR_AF=0.78;SAS_AF=0.94;VT=SNP;NS=2548,GT,1|1
20,58409296,.,C,A,.,PASS,AC=2212;AN=5096;DP=19380;AF=0.43;EAS_AF=0.58;EUR_AF=0.41;AFR_AF=0.45;AMR_AF=0.34;SAS_AF=0.35;VT=SNP;NS=2548,GT,1|1
20,58409900,.,C,CAT,.,PASS,AC=1425;AN=5096;DP=15651;AF=0.28;EAS_AF=0.26;EUR_AF=0.3;AFR_AF=0.33;AMR_AF=0.18;SAS_AF=0.29;VT=INDEL;NS=2548,GT,1|0
20,58409906,.,C,T,.,PASS,AC=1257;AN=5096;DP=15720;AF=0.25;EAS_AF=0.28;EUR_AF=0.24;AFR_AF=0.26;AMR_AF=0.14;SAS_AF=0.28;VT=SNP;NS=2548,GT,1|0
20,58410006,.,G,A,.,PASS,AC=559;AN=5096;DP=17692;AF=0.11;EAS_AF=0.27;EUR_AF=0.09;AFR_AF=0.04;AMR_AF=0.17;SAS_AF=0.03;VT=SNP;NS=2548,GT,0|1
20,58410030,.,G,A,.,PASS,AC=3021;AN=5096;DP=18244;AF=0.59;EAS_AF=0.59;EUR_AF=0.63;AFR_AF=0.72;AMR_AF=0.48;SAS_AF=0.46;VT=SNP;NS=2548,GT,1|1
20,58410396,.,T,C,.,PASS,AC=5071;AN=5096;DP=19191;AF=1;EAS_AF=1;EUR_AF=0.98;AFR_AF=1;AMR_AF=0.99;SAS_AF=1;VT=SNP;NS=2548,GT,1|1
20,58410503,.,G,A,.,PASS,AC=1406;AN=5096;DP=18395;AF=0.28;EAS_AF=0.31;EUR_AF=0.23;AFR_AF=0.33;AMR_AF=0.15;SAS_AF=0.31;VT=SNP;NS=2548,GT,1|0
20,58411607,.,G,A,.,PASS,AC=672;AN=5096;DP=20846;AF=0.13;EAS_AF=0.27;EUR_AF=0.09;AFR_AF=0.12;AMR_AF=0.17;SAS_AF=0.03;VT=SNP;NS=2548,GT,0|1
20,58413307,.,G,A,.,PASS,AC=1406;AN=5096;DP=15639;AF=0.28;EAS_AF=0.31;EUR_AF=0.23;AFR_AF=0.33;AMR_AF=0.15;SAS_AF=0.31;VT=SNP;NS=2548,GT,1|0
20,58413806,.,A,G,.,PASS,AC=1519;AN=5096;DP=7691;AF=0.3;EAS_AF=0.31;EUR_AF=0.31;AFR_AF=0.33;AMR_AF=0.16;SAS_AF=0.32;VT=SNP;NS=2548,GT,1|0
20,58414197,.,T,G,.,PASS,AC=893;AN=5096;DP=4931;AF=0.18;EAS_AF=0.29;EUR_AF=0.13;AFR_AF=0.16;AMR_AF=0.06;SAS_AF=0.2;VT=SNP;NS=2548,GT,1|0
20,58414213,.,C,T,.,PASS,AC=1508;AN=5096;DP=5155;AF=0.3;EAS_AF=0.31;EUR_AF=0.31;AFR_AF=0.33;AMR_AF=0.16;SAS_AF=0.31;VT=SNP;NS=2548,GT,1|0
20,58414968,.,A,G,.,PASS,AC=1414;AN=5096;DP=21768;AF=0.28;EAS_AF=0.3;EUR_AF=0.28;AFR_AF=0.31;AMR_AF=0.16;SAS_AF=0.29;VT=SNP;NS=2548,GT,1|0
20,58415106,.,CTG,C,.,PASS,AC=1516;AN=5096;DP=19914;AF=0.3;EAS_AF=0.31;EUR_AF=0.31;AFR_AF=0.33;AMR_AF=0.16;SAS_AF=0.32;VT=INDEL;NS=2548,GT,1|0
20,58415207,.,A,G,.,PASS,AC=1517;AN=5096;DP=21784;AF=0.3;EAS_AF=0.31;EUR_AF=0.31;AFR_AF=0.33;AMR_AF=0.16;SAS_AF=0.32;VT=SNP;NS=2548,GT,1|0
20,58415806,.,C,T,.,PASS,AC=1517;AN=5096;DP=18341;AF=0.3;EAS_AF=0.31;EUR_AF=0.31;AFR_AF=0.33;AMR_AF=0.16;SAS_AF=0.32;VT=SNP;NS=2548,GT,1|0
20,58416761,.,A,AT,.,PASS,AC=1493;AN=5096;DP=20943;AF=0.29;EAS_AF=0.3;EUR_AF=0.3;AFR_AF=0.33;AMR_AF=0.17;SAS_AF=0.31;VT=INDEL;NS=2548,GT,1|0
20,58417174,.,A,G,.,PASS,AC=2996;AN=5096;DP=20742;AF=0.59;EAS_AF=0.59;EUR_AF=0.64;AFR_AF=0.7;AMR_AF=0.47;SAS_AF=0.46;VT=SNP;NS=2548,GT,1|1
20,58419345,.,C,G,.,PASS,AC=2978;AN=5096;DP=23684;AF=0.58;EAS_AF=0.59;EUR_AF=0.63;AFR_AF=0.7;AMR_AF=0.47;SAS_AF=0.46;VT=SNP;NS=2548,GT,1|1
20,58419347,.,T,G,.,PASS,AC=1405;AN=5096;DP=23633;AF=0.28;EAS_AF=0.31;EUR_AF=0.23;AFR_AF=0.33;AMR_AF=0.15;SAS_AF=0.3;VT=SNP;NS=2548,GT,1|0
20,58419684,.,A,G,.,PASS,AC=1521;AN=5096;DP=23165;AF=0.3;EAS_AF=0.31;EUR_AF=0.31;AFR_AF=0.34;AMR_AF=0.16;SAS_AF=0.32;VT=SNP;NS=2548,GT,1|0
20,58420050,.,A,C,.,PASS,AC=1521;AN=5096;DP=18996;AF=0.3;EAS_AF=0.31;EUR_AF=0.31;AFR_AF=0.34;AMR_AF=0.16;SAS_AF=0.32;VT=SNP;NS=2548,GT,1|0
20,58420072,.,A,C,.,PASS,AC=44;AN=5096;DP=19354;AF=0.01;EAS_AF=0.04;EUR_AF=0;AFR_AF=0;AMR_AF=0;SAS_AF=0;VT=SNP;NS=2548,GT,1|0
20,58422300,.,G,C,.,PASS,AC=2256;AN=5096;DP=19040;AF=0.44;EAS_AF=0.58;EUR_AF=0.4;AFR_AF=0.5;AMR_AF=0.34;SAS_AF=0.34;VT=SNP;NS=2548,GT,1|1
20,58422894,.,A,G,.,PASS,AC=969;AN=5096;DP=18210;AF=0.19;EAS_AF=0.3;EUR_AF=0.14;AFR_AF=0.17;AMR_AF=0.06;SAS_AF=0.25;VT=SNP;NS=2548,GT,1|0
20,58423147,.,T,C,.,PASS,AC=2171;AN=5096;DP=17373;AF=0.43;EAS_AF=0.58;EUR_AF=0.4;AFR_AF=0.44;AMR_AF=0.33;SAS_AF=0.34;VT=SNP;NS=2548,GT,1|1
20,58423193,.,C,T,.,PASS,AC=995;AN=5096;DP=16432;AF=0.2;EAS_AF=0.3;EUR_AF=0.14;AFR_AF=0.19;AMR_AF=0.06;SAS_AF=0.25;VT=SNP;NS=2548,GT,1|0
20,58423328,.,C,T,.,PASS,AC=650;AN=5096;DP=16415;AF=0.13;EAS_AF=0.27;EUR_AF=0.09;AFR_AF=0.1;AMR_AF=0.17;SAS_AF=0.03;VT=SNP;NS=2548,GT,0|1
20,58424261,.,C,T,.,PASS,AC=649;AN=5096;DP=21906;AF=0.13;EAS_AF=0.27;EUR_AF=0.09;AFR_AF=0.1;AMR_AF=0.17;SAS_AF=0.03;VT=SNP;NS=2548,GT,0|1
20,58425795,.,C,T,.,PASS,AC=1518;AN=5096;DP=21599;AF=0.3;EAS_AF=0.31;EUR_AF=0.31;AFR_AF=0.33;AMR_AF=0.16;SAS_AF=0.32;VT=SNP;NS=2548,GT,1|0
20,58426281,.,T,C,.,PASS,AC=516;AN=5096;DP=23404;AF=0.1;EAS_AF=0.27;EUR_AF=0.09;AFR_AF=0;AMR_AF=0.17;SAS_AF=0.03;VT=SNP;NS=2548,GT,0|1
20,58426949,.,A,T,.,PASS,AC=967;AN=5096;DP=29840;AF=0.19;EAS_AF=0.3;EUR_AF=0.14;AFR_AF=0.17;AMR_AF=0.06;SAS_AF=0.25;VT=SNP;NS=2548,GT,1|0
20,58427370,.,G,A,.,PASS,AC=1519;AN=5096;DP=35096;AF=0.3;EAS_AF=0.31;EUR_AF=0.31;AFR_AF=0.34;AMR_AF=0.16;SAS_AF=0.32;VT=SNP;NS=2548,GT,1|0
20,58428350,.,A,G,.,PASS,AC=1517;AN=5096;DP=24369;AF=0.3;EAS_AF=0.31;EUR_AF=0.31;AFR_AF=0.33;AMR_AF=0.16;SAS_AF=0.32;VT=SNP;NS=2548,GT,1|0
20,58428718,.,A,G,.,PASS,AC=1519;AN=5096;DP=25376;AF=0.3;EAS_AF=0.31;EUR_AF=0.31;AFR_AF=0.33;AMR_AF=0.16;SAS_AF=0.32;VT=SNP;NS=2548,GT,1|0
20,58428945,.,G,C,.,PASS,AC=2169;AN=5096;DP=18749;AF=0.43;EAS_AF=0.58;EUR_AF=0.4;AFR_AF=0.44;AMR_AF=0.33;SAS_AF=0.34;VT=SNP;NS=2548,GT,1|1
20,58429747,.,C,T,.,PASS,AC=1406;AN=5096;DP=21694;AF=0.28;EAS_AF=0.31;EUR_AF=0.23;AFR_AF=0.33;AMR_AF=0.15;SAS_AF=0.3;VT=SNP;NS=2548,GT,1|0
20,58430411,.,A,G,.,PASS,AC=1519;AN=5096;DP=15528;AF=0.3;EAS_AF=0.31;EUR_AF=0.31;AFR_AF=0.33;AMR_AF=0.16;SAS_AF=0.32;VT=SNP;NS=2548,GT,1|0
20,58430795,.,G,A,.,PASS,AC=1483;AN=5096;DP=20435;AF=0.29;EAS_AF=0.31;EUR_AF=0.31;AFR_AF=0.31;AMR_AF=0.16;SAS_AF=0.32;VT=SNP;NS=2548,GT,1|0
20,58430822,.,C,T,.,PASS,AC=1483;AN=5096;DP=21591;AF=0.29;EAS_AF=0.31;EUR_AF=0.31;AFR_AF=0.31;AMR_AF=0.16;SAS_AF=0.32;VT=SNP;NS=2548,GT,1|0
20,58431402,.,A,G,.,PASS,AC=1484;AN=5096;DP=20952;AF=0.29;EAS_AF=0.31;EUR_AF=0.31;AFR_AF=0.31;AMR_AF=0.16;SAS_AF=0.32;VT=SNP;NS=2548,GT,1|0
20,58431558,.,GT,G,.,PASS,AC=1557;AN=5096;DP=21199;AF=0.31;EAS_AF=0.32;EUR_AF=0.32;AFR_AF=0.33;AMR_AF=0.2;SAS_AF=0.32;VT=INDEL;NS=2548,GT,1|0
20,58431559,.,T,G,.,PASS,AC=577;AN=5096;DP=21184;AF=0.11;EAS_AF=0.27;EUR_AF=0.09;AFR_AF=0.05;AMR_AF=0.17;SAS_AF=0.03;VT=SNP;NS=2548,GT,0|1
20,58432695,.,G,A,.,PASS,AC=556;AN=5096;DP=23335;AF=0.11;EAS_AF=0.27;EUR_AF=0.09;AFR_AF=0.03;AMR_AF=0.17;SAS_AF=0.03;VT=SNP;NS=2548,GT,0|1
20,58433235,.,T,G,.,PASS,AC=1521;AN=5096;DP=25993;AF=0.3;EAS_AF=0.31;EUR_AF=0.31;AFR_AF=0.34;AMR_AF=0.16;SAS_AF=0.32;VT=SNP;NS=2548,GT,1|0
20,58434110,.,G,A,.,PASS,AC=2216;AN=5096;DP=24863;AF=0.43;EAS_AF=0.58;EUR_AF=0.4;AFR_AF=0.47;AMR_AF=0.34;SAS_AF=0.34;VT=SNP;NS=2548,GT,1|1
20,58434232,.,G,A,.,PASS,AC=1483;AN=5096;DP=25743;AF=0.29;EAS_AF=0.31;EUR_AF=0.31;AFR_AF=0.31;AMR_AF=0.16;SAS_AF=0.32;VT=SNP;NS=2548,GT,1|0
20,58434843,.,A,G,.,PASS,AC=1483;AN=5096;DP=67168;AF=0.29;EAS_AF=0.31;EUR_AF=0.31;AFR_AF=0.31;AMR_AF=0.16;SAS_AF=0.32;VT=SNP;NS=2548,GT,1|0
20,58434921,.,CT,C,.,PASS,AC=514;AN=5096;DP=32035;AF=0.1;EAS_AF=0.27;EUR_AF=0.09;AFR_AF=0;AMR_AF=0.17;SAS_AF=0.03;VT=INDEL;NS=2548,GT,0|1
20,58435024,.,C,G,.,PASS,AC=1483;AN=5096;DP=21920;AF=0.29;EAS_AF=0.31;EUR_AF=0.31;AFR_AF=0.31;AMR_AF=0.16;SAS_AF=0.32;VT=SNP;NS=2548,GT,1|0
20,58435405,.,C,T,.,PASS,AC=556;AN=5096;DP=20387;AF=0.11;EAS_AF=0.27;EUR_AF=0.09;AFR_AF=0.03;AMR_AF=0.17;SAS_AF=0.03;VT=SNP;NS=2548,GT,0|1
20,58436217,.,G,T,.,PASS,AC=927;AN=5096;DP=22090;AF=0.18;EAS_AF=0.3;EUR_AF=0.14;AFR_AF=0.14;AMR_AF=0.06;SAS_AF=0.25;VT=SNP;NS=2548,GT,1|0
20,58436878,.,G,T,.,PASS,AC=2170;AN=5096;DP=16379;AF=0.43;EAS_AF=0.58;EUR_AF=0.4;AFR_AF=0.44;AMR_AF=0.33;SAS_AF=0.34;VT=SNP;NS=2548,GT,1|1
20,58437885,.,G,C,.,PASS,AC=2184;AN=5096;DP=24356;AF=0.43;EAS_AF=0.58;EUR_AF=0.4;AFR_AF=0.45;AMR_AF=0.33;SAS_AF=0.34;VT=SNP;NS=2548,GT,1|1
20,58438043,.,G,A,.,PASS,AC=2998;AN=5096;DP=22052;AF=0.59;EAS_AF=0.59;EUR_AF=0.62;AFR_AF=0.72;AMR_AF=0.47;SAS_AF=0.46;VT=SNP;NS=2548,GT,1|1
20,58438817,.,G,A,.,PASS,AC=1068;AN=5096;DP=72865;AF=0.21;EAS_AF=0.3;EUR_AF=0.14;AFR_AF=0.25;AMR_AF=0.06;SAS_AF=0.25;VT=SNP;NS=2548,GT,1|0
20,58440019,.,C,G,.,PASS,AC=1518;AN=5096;DP=24803;AF=0.3;EAS_AF=0.31;EUR_AF=0.31;AFR_AF=0.33;AMR_AF=0.16;SAS_AF=0.32;VT=SNP;NS=2548,GT,1|0
20,58440049,.,T,A,.,PASS,AC=963;AN=5096;DP=24991;AF=0.19;EAS_AF=0.3;EUR_AF=0.14;AFR_AF=0.17;AMR_AF=0.06;SAS_AF=0.25;VT=SNP;NS=2548,GT,1|0
20,58440722,.,G,A,.,PASS,AC=652;AN=5096;DP=32760;AF=0.13;EAS_AF=0.27;EUR_AF=0.09;AFR_AF=0.1;AMR_AF=0.17;SAS_AF=0.03;VT=SNP;NS=2548,GT,0|1
20,58441124,.,G,A,.,PASS,AC=45;AN=5096;DP=201192;AF=0.01;EAS_AF=0.04;EUR_AF=0;AFR_AF=0;AMR_AF=0;SAS_AF=0;VT=SNP;NS=2548,GT,1|0
20,58442455,.,C,T,.,PASS,AC=1525;AN=5096;DP=20289;AF=0.3;EAS_AF=0.31;EUR_AF=0.31;AFR_AF=0.34;AMR_AF=0.16;SAS_AF=0.32;VT=SNP;NS=2548,GT,1|0
20,58443241,.,A,G,.,PASS,AC=671;AN=5096;DP=19204;AF=0.13;EAS_AF=0.27;EUR_AF=0.09;AFR_AF=0.12;AMR_AF=0.17;SAS_AF=0.03;VT=SNP;NS=2548,GT,0|1
20,58443708,.,T,C,.,PASS,AC=662;AN=5096;DP=23313;AF=0.13;EAS_AF=0.27;EUR_AF=0.09;AFR_AF=0.11;AMR_AF=0.17;SAS_AF=0.03;VT=SNP;NS=2548,GT,0|1
20,58443740,.,G,A,.,PASS,AC=3088;AN=5096;DP=23895;AF=0.61;EAS_AF=0.59;EUR_AF=0.62;AFR_AF=0.78;AMR_AF=0.48;SAS_AF=0.46;VT=SNP;NS=2548,GT,1|1
20,58445500,.,G,C,.,PASS,AC=650;AN=5096;DP=25689;AF=0.13;EAS_AF=0.27;EUR_AF=0.09;AFR_AF=0.1;AMR_AF=0.17;SAS_AF=0.03;VT=SNP;NS=2548,GT,0|1
20,58445517,.,A,G,.,PASS,AC=927;AN=5096;DP=26005;AF=0.18;EAS_AF=0.3;EUR_AF=0.14;AFR_AF=0.14;AMR_AF=0.06;SAS_AF=0.25;VT=SNP;NS=2548,GT,1|0
20,58445684,.,CTGTGTGTGTGTGTGTGTG,C,.,PASS,AC=1440;AN=5096;DP=18557;AF=0.28;EAS_AF=0.29;EUR_AF=0.3;AFR_AF=0.31;AMR_AF=0.15;SAS_AF=0.31;VT=INDEL;NS=2548,GT,1|0
20,58447054,.,A,G,.,PASS,AC=557;AN=5096;DP=19443;AF=0.11;EAS_AF=0.27;EUR_AF=0.09;AFR_AF=0.04;AMR_AF=0.16;SAS_AF=0.03;VT=SNP;NS=2548,GT,0|1
20,58447656,.,GTGTGTGCA,G,.,PASS,AC=4635;AN=5096;DP=19066;AF=0.91;EAS_AF=0.91;EUR_AF=0.92;AFR_AF=0.95;AMR_AF=0.77;SAS_AF=0.93;VT=INDEL;NS=2548,GT,1|1
20,58448755,.,T,C,.,PASS,AC=702;AN=5096;DP=23242;AF=0.14;EAS_AF=0.27;EUR_AF=0.1;AFR_AF=0.12;AMR_AF=0.18;SAS_AF=0.03;VT=SNP;NS=2548,GT,0|1
20,58449485,.,T,C,.,PASS,AC=2473;AN=5096;DP=19608;AF=0.49;EAS_AF=0.57;EUR_AF=0.48;AFR_AF=0.56;AMR_AF=0.36;SAS_AF=0.38;VT=SNP;NS=2548,GT,1|1
20,58449533,.,C,T,.,PASS,AC=1077;AN=5096;DP=21400;AF=0.21;EAS_AF=0.3;EUR_AF=0.23;AFR_AF=0.17;AMR_AF=0.08;SAS_AF=0.26;VT=SNP;NS=2548,GT,1|0
