#CHROM,POS,ID,REF,ALT,QUAL,FILTER,INFO,FORMAT,HG01849
20,62144292,.,T,C,.,PASS,AC=3430;AN=5096;DP=11503;AF=0.67;EAS_AF=0.77;EUR_AF=0.81;AFR_AF=0.41;AMR_AF=0.76;SAS_AF=0.72;VT=SNP;NS=2548,GT,1|0
20,62145318,.,A,AG,.,PASS,AC=4068;AN=5096;DP=21440;AF=0.8;EAS_AF=0.81;EUR_AF=0.87;AFR_AF=0.7;AMR_AF=0.87;SAS_AF=0.79;VT=INDEL;NS=2548,GT,1|0
20,62145590,.,A,G,.,PASS,AC=3150;AN=5096;DP=26169;AF=0.62;EAS_AF=0.77;EUR_AF=0.81;AFR_AF=0.2;AMR_AF=0.75;SAS_AF=0.72;VT=SNP;NS=2548,GT,1|0
20,62145626,.,C,G,.,PASS,AC=3121;AN=5096;DP=25973;AF=0.61;EAS_AF=0.77;EUR_AF=0.81;AFR_AF=0.18;AMR_AF=0.75;SAS_AF=0.72;VT=SNP;NS=2548,GT,1|0
20,62146065,.,G,A,.,PASS,AC=3171;AN=5096;DP=28531;AF=0.62;EAS_AF=0.77;EUR_AF=0.81;AFR_AF=0.22;AMR_AF=0.75;SAS_AF=0.72;VT=SNP;NS=2548,GT,1|0
20,62146076,.,A,C,.,PASS,AC=3110;AN=5096;DP=28395;AF=0.61;EAS_AF=0.77;EUR_AF=0.81;AFR_AF=0.19;AMR_AF=0.74;SAS_AF=0.72;VT=SNP;NS=2548,GT,1|0
20,62146682,.,C,G,.,PASS,AC=3118;AN=5096;DP=15504;AF=0.61;EAS_AF=0.77;EUR_AF=0.81;AFR_AF=0.18;AMR_AF=0.75;SAS_AF=0.72;VT=SNP;NS=2548,GT,1|0
20,62146773,.,C,G,.,PASS,AC=3119;AN=5096;DP=15783;AF=0.61;EAS_AF=0.77;EUR_AF=0.81;AFR_AF=0.18;AMR_AF=0.75;SAS_AF=0.72;VT=SNP;NS=2548,GT,1|0
20,62147276,.,T,C,.,PASS,AC=4371;AN=5096;DP=22604;AF=0.86;EAS_AF=0.82;EUR_AF=0.88;AFR_AF=0.92;AMR_AF=0.88;SAS_AF=0.79;VT=SNP;NS=2548,GT,1|0
20,62149168,.,T,C,.,PASS,AC=4368;AN=5096;DP=21157;AF=0.86;EAS_AF=0.82;EUR_AF=0.88;AFR_AF=0.92;AMR_AF=0.88;SAS_AF=0.78;VT=SNP;NS=2548,GT,1|0
20,62150870,.,G,T,.,PASS,AC=3200;AN=5096;DP=19760;AF=0.63;EAS_AF=0.81;EUR_AF=0.81;AFR_AF=0.18;AMR_AF=0.78;SAS_AF=0.74;VT=SNP;NS=2548,GT,1|0
20,62151355,.,T,C,.,PASS,AC=4392;AN=5096;DP=21898;AF=0.86;EAS_AF=0.82;EUR_AF=0.88;AFR_AF=0.92;AMR_AF=0.88;SAS_AF=0.81;VT=SNP;NS=2548,GT,1|0
20,62151523,.,G,T,.,PASS,AC=272;AN=5096;DP=18231;AF=0.05;EAS_AF=0.22;EUR_AF=0.01;AFR_AF=0;AMR_AF=0.03;SAS_AF=0.02;VT=SNP;NS=2548,GT,1|0
20,62151976,.,C,T,.,PASS,AC=3087;AN=5096;DP=17746;AF=0.61;EAS_AF=0.8;EUR_AF=0.79;AFR_AF=0.16;AMR_AF=0.75;SAS_AF=0.72;VT=SNP;NS=2548,GT,1|0
20,62152261,.,G,A,.,PASS,AC=3105;AN=5096;DP=22950;AF=0.61;EAS_AF=0.7;EUR_AF=0.81;AFR_AF=0.21;AMR_AF=0.75;SAS_AF=0.74;VT=SNP;NS=2548,GT,1|0
20,62152469,.,G,A,.,PASS,AC=4391;AN=5096;DP=21952;AF=0.86;EAS_AF=0.82;EUR_AF=0.88;AFR_AF=0.92;AMR_AF=0.88;SAS_AF=0.8;VT=SNP;NS=2548,GT,1|0
20,62152820,.,A,G,.,PASS,AC=4122;AN=5096;DP=21278;AF=0.81;EAS_AF=0.81;EUR_AF=0.82;AFR_AF=0.82;AMR_AF=0.84;SAS_AF=0.75;VT=SNP;NS=2548,GT,1|0
20,62152842,.,C,G,.,PASS,AC=4116;AN=5096;DP=21594;AF=0.81;EAS_AF=0.81;EUR_AF=0.82;AFR_AF=0.82;AMR_AF=0.84;SAS_AF=0.74;VT=SNP;NS=2548,GT,1|0
20,62152851,.,T,C,.,PASS,AC=4117;AN=5096;DP=21496;AF=0.81;EAS_AF=0.81;EUR_AF=0.82;AFR_AF=0.82;AMR_AF=0.84;SAS_AF=0.74;VT=SNP;NS=2548,GT,1|0
20,62152982,.,T,C,.,PASS,AC=4391;AN=5096;DP=22582;AF=0.86;EAS_AF=0.82;EUR_AF=0.88;AFR_AF=0.92;AMR_AF=0.88;SAS_AF=0.81;VT=SNP;NS=2548,GT,1|0
20,62153711,.,T,C,.,PASS,AC=4117;AN=5096;DP=24390;AF=0.81;EAS_AF=0.81;EUR_AF=0.82;AFR_AF=0.82;AMR_AF=0.84;SAS_AF=0.74;VT=SNP;NS=2548,GT,1|0
20,62153759,.,T,C,.,PASS,AC=4997;AN=5096;DP=22630;AF=0.98;EAS_AF=1;EUR_AF=0.94;AFR_AF=1;AMR_AF=0.98;SAS_AF=0.99;VT=SNP;NS=2548,GT,1|1
20,62153984,.,T,C,.,PASS,AC=4076;AN=5096;DP=25635;AF=0.8;EAS_AF=0.81;EUR_AF=0.8;AFR_AF=0.82;AMR_AF=0.84;SAS_AF=0.74;VT=SNP;NS=2548,GT,1|0
20,62154122,.,A,G,.,PASS,AC=4064;AN=5096;DP=23611;AF=0.8;EAS_AF=0.81;EUR_AF=0.82;AFR_AF=0.82;AMR_AF=0.84;SAS_AF=0.69;VT=SNP;NS=2548,GT,1|0
20,62154620,.,C,T,.,PASS,AC=3241;AN=5096;DP=21705;AF=0.64;EAS_AF=0.81;EUR_AF=0.81;AFR_AF=0.21;AMR_AF=0.79;SAS_AF=0.74;VT=SNP;NS=2548,GT,1|0
20,62154989,.,C,T,.,PASS,AC=3202;AN=5096;DP=20426;AF=0.63;EAS_AF=0.81;EUR_AF=0.8;AFR_AF=0.21;AMR_AF=0.77;SAS_AF=0.72;VT=SNP;NS=2548,GT,1|0
20,62157046,.,T,C,.,PASS,AC=723;AN=5096;DP=20050;AF=0.14;EAS_AF=0.19;EUR_AF=0.06;AFR_AF=0.14;AMR_AF=0.1;SAS_AF=0.21;VT=SNP;NS=2548,GT,0|1
20,62157966,.,C,T,.,PASS,AC=587;AN=5096;DP=22940;AF=0.12;EAS_AF=0.19;EUR_AF=0.06;AFR_AF=0.08;AMR_AF=0.03;SAS_AF=0.21;VT=SNP;NS=2548,GT,0|1
20,62158583,.,A,G,.,PASS,AC=582;AN=5096;DP=69446;AF=0.11;EAS_AF=0.18;EUR_AF=0.06;AFR_AF=0.08;AMR_AF=0.03;SAS_AF=0.21;VT=SNP;NS=2548,GT,0|1
20,62158616,.,C,T,.,PASS,AC=581;AN=5096;DP=90741;AF=0.11;EAS_AF=0.18;EUR_AF=0.06;AFR_AF=0.08;AMR_AF=0.03;SAS_AF=0.21;VT=SNP;NS=2548,GT,0|1
20,62159697,.,A,G,.,PASS,AC=1733;AN=5096;DP=42996;AF=0.34;EAS_AF=0.19;EUR_AF=0.12;AFR_AF=0.79;AMR_AF=0.13;SAS_AF=0.27;VT=SNP;NS=2548,GT,0|1
20,62160042,.,T,C,.,PASS,AC=1729;AN=5096;DP=71320;AF=0.34;EAS_AF=0.19;EUR_AF=0.12;AFR_AF=0.78;AMR_AF=0.13;SAS_AF=0.27;VT=SNP;NS=2548,GT,0|1
20,62164023,.,G,A,.,PASS,AC=541;AN=5096;DP=51787;AF=0.11;EAS_AF=0.16;EUR_AF=0.05;AFR_AF=0.09;AMR_AF=0.03;SAS_AF=0.19;VT=SNP;NS=2548,GT,0|1
20,62164297,.,GGGGCAAGGA,G,.,PASS,AC=990;AN=5096;DP=45472;AF=0.19;EAS_AF=0.26;EUR_AF=0.15;AFR_AF=0.09;AMR_AF=0.16;SAS_AF=0.33;VT=INDEL;NS=2548,GT,0|1
20,62164386,.,T,C,.,PASS,AC=896;AN=5096;DP=32176;AF=0.18;EAS_AF=0.18;EUR_AF=0.06;AFR_AF=0.3;AMR_AF=0.06;SAS_AF=0.21;VT=SNP;NS=2548,GT,0|1
20,62165039,.,G,T,.,PASS,AC=1140;AN=5096;DP=21862;AF=0.22;EAS_AF=0.18;EUR_AF=0.09;AFR_AF=0.39;AMR_AF=0.08;SAS_AF=0.28;VT=SNP;NS=2548,GT,0|1
20,62165306,.,G,A,.,PASS,AC=592;AN=5096;DP=47637;AF=0.12;EAS_AF=0.18;EUR_AF=0.05;AFR_AF=0.08;AMR_AF=0.04;SAS_AF=0.21;VT=SNP;NS=2548,GT,0|1
20,62165391,.,C,T,.,PASS,AC=593;AN=5096;DP=80915;AF=0.12;EAS_AF=0.18;EUR_AF=0.05;AFR_AF=0.08;AMR_AF=0.04;SAS_AF=0.21;EX_TARGET;VT=SNP;NS=2548,GT,0|1
20,62165529,.,T,C,.,PASS,AC=756;AN=5096;DP=83376;AF=0.15;EAS_AF=0.08;EUR_AF=0.03;AFR_AF=0.35;AMR_AF=0.05;SAS_AF=0.14;VT=SNP;NS=2548,GT,0|1
20,62165544,.,A,C,.,PASS,AC=861;AN=5096;DP=72909;AF=0.17;EAS_AF=0.18;EUR_AF=0.09;AFR_AF=0.2;AMR_AF=0.06;SAS_AF=0.28;VT=SNP;NS=2548,GT,0|1
20,62165831,.,T,A,.,PASS,AC=856;AN=5096;DP=22001;AF=0.17;EAS_AF=0.18;EUR_AF=0.09;AFR_AF=0.19;AMR_AF=0.06;SAS_AF=0.28;VT=SNP;NS=2548,GT,0|1
20,62165874,.,T,G,.,PASS,AC=1149;AN=5096;DP=17885;AF=0.23;EAS_AF=0.18;EUR_AF=0.09;AFR_AF=0.4;AMR_AF=0.08;SAS_AF=0.28;VT=SNP;NS=2548,GT,0|1
20,62165897,.,CAG,C,.,PASS,AC=593;AN=5096;DP=21700;AF=0.12;EAS_AF=0.18;EUR_AF=0.05;AFR_AF=0.08;AMR_AF=0.04;SAS_AF=0.21;VT=INDEL;NS=2548,GT,0|1
20,62166045,.,C,T,.,PASS,AC=1063;AN=5096;DP=20793;AF=0.21;EAS_AF=0.18;EUR_AF=0.06;AFR_AF=0.38;AMR_AF=0.07;SAS_AF=0.26;VT=SNP;NS=2548,GT,0|1
20,62166225,.,A,G,.,PASS,AC=1644;AN=5096;DP=23269;AF=0.32;EAS_AF=0.19;EUR_AF=0.1;AFR_AF=0.74;AMR_AF=0.12;SAS_AF=0.28;VT=SNP;NS=2548,GT,0|1
20,62166337,.,A,G,.,PASS,AC=1216;AN=5096;DP=21418;AF=0.24;EAS_AF=0.24;EUR_AF=0.16;AFR_AF=0.23;AMR_AF=0.1;SAS_AF=0.43;VT=SNP;NS=2548,GT,0|1
20,62167015,.,G,A,.,PASS,AC=1668;AN=5096;DP=14190;AF=0.33;EAS_AF=0.18;EUR_AF=0.1;AFR_AF=0.76;AMR_AF=0.12;SAS_AF=0.28;VT=SNP;NS=2548,GT,0|1
20,62167114,.,T,C,.,PASS,AC=1082;AN=5096;DP=10375;AF=0.21;EAS_AF=0.18;EUR_AF=0.09;AFR_AF=0.35;AMR_AF=0.08;SAS_AF=0.28;VT=SNP;NS=2548,GT,0|1
20,62167139,.,A,G,.,PASS,AC=1079;AN=5096;DP=11115;AF=0.21;EAS_AF=0.18;EUR_AF=0.09;AFR_AF=0.35;AMR_AF=0.08;SAS_AF=0.28;VT=SNP;NS=2548,GT,0|1
20,62167517,.,A,G,.,PASS,AC=1131;AN=5096;DP=18361;AF=0.22;EAS_AF=0.18;EUR_AF=0.09;AFR_AF=0.39;AMR_AF=0.08;SAS_AF=0.28;VT=SNP;NS=2548,GT,0|1
20,62167586,.,A,G,.,PASS,AC=1131;AN=5096;DP=20432;AF=0.22;EAS_AF=0.18;EUR_AF=0.09;AFR_AF=0.39;AMR_AF=0.08;SAS_AF=0.28;VT=SNP;NS=2548,GT,0|1
20,62167815,.,CTT,C,.,PASS,AC=1137;AN=5096;DP=18599;AF=0.22;EAS_AF=0.18;EUR_AF=0.09;AFR_AF=0.39;AMR_AF=0.08;SAS_AF=0.28;VT=INDEL;NS=2548,GT,0|1
20,62168155,.,G,C,.,PASS,AC=1129;AN=5096;DP=19566;AF=0.22;EAS_AF=0.18;EUR_AF=0.09;AFR_AF=0.39;AMR_AF=0.08;SAS_AF=0.28;VT=SNP;NS=2548,GT,0|1
20,62168616,.,C,T,.,PASS,AC=1129;AN=5096;DP=20854;AF=0.22;EAS_AF=0.18;EUR_AF=0.09;AFR_AF=0.39;AMR_AF=0.08;SAS_AF=0.28;VT=SNP;NS=2548,GT,0|1
20,62168643,.,A,AC,.,PASS,AC=834;AN=5096;DP=20590;AF=0.16;EAS_AF=0.17;EUR_AF=0.08;AFR_AF=0.19;AMR_AF=0.06;SAS_AF=0.28;VT=INDEL;NS=2548,GT,0|1
20,62168853,.,A,C,.,PASS,AC=1134;AN=5096;DP=23329;AF=0.22;EAS_AF=0.18;EUR_AF=0.09;AFR_AF=0.39;AMR_AF=0.08;SAS_AF=0.28;VT=SNP;NS=2548,GT,0|1
20,62168950,.,G,A,.,PASS,AC=855;AN=5096;DP=20585;AF=0.17;EAS_AF=0.18;EUR_AF=0.09;AFR_AF=0.19;AMR_AF=0.06;SAS_AF=0.28;VT=SNP;NS=2548,GT,0|1
20,62169613,.,G,T,.,PASS,AC=1226;AN=5096;DP=20272;AF=0.24;EAS_AF=0.18;EUR_AF=0.09;AFR_AF=0.45;AMR_AF=0.09;SAS_AF=0.28;VT=SNP;NS=2548,GT,0|1
20,62169684,.,T,C,.,PASS,AC=1113;AN=5096;DP=22933;AF=0.22;EAS_AF=0.19;EUR_AF=0.09;AFR_AF=0.38;AMR_AF=0.08;SAS_AF=0.28;VT=SNP;NS=2548,GT,0|1
20,62169780,.,CA,C,.,PASS,AC=799;AN=5096;DP=20594;AF=0.16;EAS_AF=0.23;EUR_AF=0.1;AFR_AF=0.12;AMR_AF=0.09;SAS_AF=0.25;VT=INDEL;NS=2548,GT,0|1
20,62169841,.,TGTCCACACC,T,.,PASS,AC=1106;AN=5096;DP=20996;AF=0.22;EAS_AF=0.18;EUR_AF=0.09;AFR_AF=0.37;AMR_AF=0.08;SAS_AF=0.28;VT=INDEL;NS=2548,GT,0|1
20,62169961,.,C,T,.,PASS,AC=916;AN=5096;DP=20182;AF=0.18;EAS_AF=0.18;EUR_AF=0.06;AFR_AF=0.27;AMR_AF=0.06;SAS_AF=0.27;VT=SNP;NS=2548,GT,0|1
20,62169976,.,T,A,.,PASS,AC=914;AN=5096;DP=19985;AF=0.18;EAS_AF=0.19;EUR_AF=0.06;AFR_AF=0.27;AMR_AF=0.06;SAS_AF=0.27;VT=SNP;NS=2548,GT,0|1
20,62169993,.,T,C,.,PASS,AC=916;AN=5096;DP=19537;AF=0.18;EAS_AF=0.19;EUR_AF=0.06;AFR_AF=0.27;AMR_AF=0.06;SAS_AF=0.27;VT=SNP;NS=2548,GT,0|1
20,62170007,.,T,G,.,PASS,AC=801;AN=5096;DP=19948;AF=0.16;EAS_AF=0.19;EUR_AF=0.06;AFR_AF=0.19;AMR_AF=0.05;SAS_AF=0.27;VT=SNP;NS=2548,GT,0|1
20,62170128,.,C,T,.,PASS,AC=851;AN=5096;DP=21432;AF=0.17;EAS_AF=0.18;EUR_AF=0.09;AFR_AF=0.19;AMR_AF=0.06;SAS_AF=0.28;VT=SNP;NS=2548,GT,0|1
20,62170168,.,G,A,.,PASS,AC=855;AN=5096;DP=20117;AF=0.17;EAS_AF=0.18;EUR_AF=0.08;AFR_AF=0.19;AMR_AF=0.06;SAS_AF=0.28;VT=SNP;NS=2548,GT,0|1
20,62170190,.,G,A,.,PASS,AC=849;AN=5096;DP=19524;AF=0.17;EAS_AF=0.18;EUR_AF=0.08;AFR_AF=0.19;AMR_AF=0.06;SAS_AF=0.28;VT=SNP;NS=2548,GT,0|1
20,62170272,.,G,T,.,PASS,AC=901;AN=5096;DP=19427;AF=0.18;EAS_AF=0.18;EUR_AF=0.09;AFR_AF=0.22;AMR_AF=0.07;SAS_AF=0.28;VT=SNP;NS=2548,GT,0|1
20,62170869,.,C,T,.,PASS,AC=920;AN=5096;DP=19981;AF=0.18;EAS_AF=0.18;EUR_AF=0.09;AFR_AF=0.24;AMR_AF=0.07;SAS_AF=0.28;VT=SNP;NS=2548,GT,0|1
20,62170961,.,A,G,.,PASS,AC=993;AN=5096;DP=17204;AF=0.19;EAS_AF=0.18;EUR_AF=0.09;AFR_AF=0.29;AMR_AF=0.08;SAS_AF=0.28;VT=SNP;NS=2548,GT,0|1
20,62170995,.,G,A,.,PASS,AC=921;AN=5096;DP=18726;AF=0.18;EAS_AF=0.18;EUR_AF=0.09;AFR_AF=0.24;AMR_AF=0.07;SAS_AF=0.28;VT=SNP;NS=2548,GT,0|1
20,62171066,.,TA,T,.,PASS,AC=924;AN=5096;DP=16823;AF=0.18;EAS_AF=0.18;EUR_AF=0.09;AFR_AF=0.24;AMR_AF=0.07;SAS_AF=0.28;VT=INDEL;NS=2548,GT,0|1
20,62171264,.,C,T,.,PASS,AC=971;AN=5096;DP=20262;AF=0.19;EAS_AF=0.18;EUR_AF=0.12;AFR_AF=0.24;AMR_AF=0.08;SAS_AF=0.29;VT=SNP;NS=2548,GT,0|1
20,62171307,.,T,C,.,PASS,AC=1041;AN=5096;DP=21071;AF=0.2;EAS_AF=0.19;EUR_AF=0.14;AFR_AF=0.25;AMR_AF=0.1;SAS_AF=0.3;VT=SNP;NS=2548,GT,0|1
20,62171330,.,G,A,.,PASS,AC=1025;AN=5096;DP=20268;AF=0.2;EAS_AF=0.19;EUR_AF=0.14;AFR_AF=0.24;AMR_AF=0.1;SAS_AF=0.3;VT=SNP;NS=2548,GT,0|1
20,62171404,.,G,A,.,PASS,AC=922;AN=5096;DP=19029;AF=0.18;EAS_AF=0.18;EUR_AF=0.09;AFR_AF=0.24;AMR_AF=0.07;SAS_AF=0.28;VT=SNP;NS=2548,GT,0|1
20,62171420,.,G,A,.,PASS,AC=922;AN=5096;DP=18970;AF=0.18;EAS_AF=0.18;EUR_AF=0.09;AFR_AF=0.24;AMR_AF=0.07;SAS_AF=0.28;VT=SNP;NS=2548,GT,0|1
20,62171494,.,G,A,.,PASS,AC=41;AN=5096;DP=18830;AF=0.01;EAS_AF=0.04;EUR_AF=0;AFR_AF=0;AMR_AF=0;SAS_AF=0;VT=SNP;NS=2548,GT,0|1
20,62171557,.,C,T,.,PASS,AC=922;AN=5096;DP=20722;AF=0.18;EAS_AF=0.18;EUR_AF=0.09;AFR_AF=0.24;AMR_AF=0.07;SAS_AF=0.28;VT=SNP;NS=2548,GT,0|1
20,62171934,.,G,A,.,PASS,AC=922;AN=5096;DP=20748;AF=0.18;EAS_AF=0.18;EUR_AF=0.09;AFR_AF=0.24;AMR_AF=0.07;SAS_AF=0.28;VT=SNP;NS=2548,GT,0|1
20,62171988,.,T,C,.,PASS,AC=5026;AN=5096;DP=19021;AF=0.99;EAS_AF=1;EUR_AF=0.96;AFR_AF=1;AMR_AF=0.98;SAS_AF=0.99;VT=SNP;NS=2548,GT,1|1
20,62172090,.,T,G,.,PASS,AC=925;AN=5096;DP=17075;AF=0.18;EAS_AF=0.18;EUR_AF=0.09;AFR_AF=0.24;AMR_AF=0.07;SAS_AF=0.28;VT=SNP;NS=2548,GT,0|1
20,62172275,.,C,T,.,PASS,AC=993;AN=5096;DP=19361;AF=0.19;EAS_AF=0.18;EUR_AF=0.09;AFR_AF=0.29;AMR_AF=0.08;SAS_AF=0.28;VT=SNP;NS=2548,GT,0|1
20,62172306,.,C,G,.,PASS,AC=921;AN=5096;DP=17361;AF=0.18;EAS_AF=0.18;EUR_AF=0.09;AFR_AF=0.24;AMR_AF=0.07;SAS_AF=0.28;VT=SNP;NS=2548,GT,0|1
20,62172328,.,GAAA,G,.,PASS,AC=925;AN=5096;DP=17240;AF=0.18;EAS_AF=0.18;EUR_AF=0.09;AFR_AF=0.24;AMR_AF=0.07;SAS_AF=0.28;VT=INDEL;NS=2548,GT,0|1
20,62172381,.,C,T,.,PASS,AC=600;AN=5096;DP=25592;AF=0.12;EAS_AF=0.18;EUR_AF=0.05;AFR_AF=0.09;AMR_AF=0.04;SAS_AF=0.22;VT=SNP;NS=2548,GT,0|1
20,62172517,.,G,C,.,PASS,AC=921;AN=5096;DP=52106;AF=0.18;EAS_AF=0.18;EUR_AF=0.09;AFR_AF=0.24;AMR_AF=0.07;SAS_AF=0.28;VT=SNP;NS=2548,GT,0|1
20,62172899,.,T,C,.,PASS,AC=998;AN=5096;DP=68517;AF=0.2;EAS_AF=0.19;EUR_AF=0.09;AFR_AF=0.29;AMR_AF=0.08;SAS_AF=0.28;VT=SNP;NS=2548,GT,0|1
20,62173160,.,A,G,.,PASS,AC=1705;AN=5096;DP=21145;AF=0.33;EAS_AF=0.19;EUR_AF=0.1;AFR_AF=0.78;AMR_AF=0.12;SAS_AF=0.28;VT=SNP;NS=2548,GT,0|1
20,62173337,.,CGTG,C,.,PASS,AC=672;AN=5096;DP=21643;AF=0.13;EAS_AF=0.18;EUR_AF=0.06;AFR_AF=0.14;AMR_AF=0.04;SAS_AF=0.22;VT=INDEL;NS=2548,GT,0|1
20,62174018,.,A,C,.,PASS,AC=664;AN=5096;DP=18808;AF=0.13;EAS_AF=0.18;EUR_AF=0.06;AFR_AF=0.13;AMR_AF=0.04;SAS_AF=0.22;VT=SNP;NS=2548,GT,0|1
20,62174044,.,A,G,.,PASS,AC=605;AN=5096;DP=20780;AF=0.12;EAS_AF=0.18;EUR_AF=0.05;AFR_AF=0.09;AMR_AF=0.04;SAS_AF=0.22;VT=SNP;NS=2548,GT,0|1
20,62174127,.,C,T,.,PASS,AC=674;AN=5096;DP=22335;AF=0.13;EAS_AF=0.18;EUR_AF=0.06;AFR_AF=0.14;AMR_AF=0.04;SAS_AF=0.22;VT=SNP;NS=2548,GT,0|1
20,62174351,.,GC,G,.,PASS,AC=1706;AN=5096;DP=41187;AF=0.33;EAS_AF=0.18;EUR_AF=0.1;AFR_AF=0.78;AMR_AF=0.12;SAS_AF=0.28;VT=INDEL;NS=2548,GT,0|1
20,62174444,.,A,T,.,PASS,AC=1639;AN=5096;DP=103529;AF=0.32;EAS_AF=0.18;EUR_AF=0.1;AFR_AF=0.74;AMR_AF=0.12;SAS_AF=0.28;VT=SNP;NS=2548,GT,0|1
20,62175055,.,G,A,.,PASS,AC=604;AN=5096;DP=19131;AF=0.12;EAS_AF=0.18;EUR_AF=0.05;AFR_AF=0.09;AMR_AF=0.04;SAS_AF=0.22;VT=SNP;NS=2548,GT,0|1
20,62175120,.,G,A,.,PASS,AC=671;AN=5096;DP=19361;AF=0.13;EAS_AF=0.18;EUR_AF=0.06;AFR_AF=0.13;AMR_AF=0.04;SAS_AF=0.22;VT=SNP;NS=2548,GT,0|1
20,62175532,.,C,T,.,PASS,AC=603;AN=5096;DP=21592;AF=0.12;EAS_AF=0.18;EUR_AF=0.05;AFR_AF=0.09;AMR_AF=0.04;SAS_AF=0.22;VT=SNP;NS=2548,GT,0|1
20,62175533,.,A,G,.,PASS,AC=611;AN=5096;DP=21679;AF=0.12;EAS_AF=0.18;EUR_AF=0.05;AFR_AF=0.09;AMR_AF=0.04;SAS_AF=0.22;VT=SNP;NS=2548,GT,0|1
20,62175626,.,G,C,.,PASS,AC=1643;AN=5096;DP=23928;AF=0.32;EAS_AF=0.18;EUR_AF=0.1;AFR_AF=0.74;AMR_AF=0.12;SAS_AF=0.28;VT=SNP;NS=2548,GT,0|1
20,62175730,.,G,C,.,PASS,AC=673;AN=5096;DP=26070;AF=0.13;EAS_AF=0.18;EUR_AF=0.06;AFR_AF=0.14;AMR_AF=0.04;SAS_AF=0.22;VT=SNP;NS=2548,GT,0|1
20,62175801,.,C,T,.,PASS,AC=673;AN=5096;DP=24710;AF=0.13;EAS_AF=0.18;EUR_AF=0.06;AFR_AF=0.14;AMR_AF=0.04;SAS_AF=0.22;VT=SNP;NS=2548,GT,0|1
20,62175921,.,CTG,C,.,PASS,AC=604;AN=5096;DP=19561;AF=0.12;EAS_AF=0.18;EUR_AF=0.05;AFR_AF=0.09;AMR_AF=0.04;SAS_AF=0.22;VT=INDEL;NS=2548,GT,0|1
20,62176064,.,C,T,.,PASS,AC=603;AN=5096;DP=24225;AF=0.12;EAS_AF=0.18;EUR_AF=0.05;AFR_AF=0.09;AMR_AF=0.04;SAS_AF=0.22;VT=SNP;NS=2548,GT,0|1
20,62176216,.,C,T,.,PASS,AC=673;AN=5096;DP=23185;AF=0.13;EAS_AF=0.18;EUR_AF=0.06;AFR_AF=0.14;AMR_AF=0.04;SAS_AF=0.22;VT=SNP;NS=2548,GT,0|1
20,62176330,.,T,C,.,PASS,AC=673;AN=5096;DP=20226;AF=0.13;EAS_AF=0.18;EUR_AF=0.06;AFR_AF=0.14;AMR_AF=0.04;SAS_AF=0.22;VT=SNP;NS=2548,GT,0|1
20,62176562,.,T,C,.,PASS,AC=673;AN=5096;DP=21645;AF=0.13;EAS_AF=0.18;EUR_AF=0.06;AFR_AF=0.14;AMR_AF=0.04;SAS_AF=0.22;VT=SNP;NS=2548,GT,0|1
20,62176798,.,A,AAAAAG,.,PASS,AC=1697;AN=5096;DP=19638;AF=0.33;EAS_AF=0.18;EUR_AF=0.1;AFR_AF=0.78;AMR_AF=0.13;SAS_AF=0.28;VT=INDEL;NS=2548,GT,0|1
20,62177094,.,C,T,.,PASS,AC=1699;AN=5096;DP=20549;AF=0.33;EAS_AF=0.18;EUR_AF=0.1;AFR_AF=0.78;AMR_AF=0.12;SAS_AF=0.28;VT=SNP;NS=2548,GT,0|1
20,62177395,.,G,A,.,PASS,AC=600;AN=5096;DP=22313;AF=0.12;EAS_AF=0.19;EUR_AF=0.05;AFR_AF=0.08;AMR_AF=0.04;SAS_AF=0.22;VT=SNP;NS=2548,GT,0|1
20,62177513,.,C,T,.,PASS,AC=620;AN=5096;DP=23384;AF=0.12;EAS_AF=0.18;EUR_AF=0.05;AFR_AF=0.1;AMR_AF=0.04;SAS_AF=0.22;VT=SNP;NS=2548,GT,0|1
20,62177813,.,T,C,.,PASS,AC=1614;AN=5096;DP=22225;AF=0.32;EAS_AF=0.18;EUR_AF=0.1;AFR_AF=0.72;AMR_AF=0.11;SAS_AF=0.28;VT=SNP;NS=2548,GT,0|1
20,62177842,.,A,G,.,PASS,AC=4840;AN=5096;DP=21373;AF=0.95;EAS_AF=0.87;EUR_AF=1;AFR_AF=1;AMR_AF=0.99;SAS_AF=0.88;VT=SNP;NS=2548,GT,1|0
20,62177871,.,A,G,.,PASS,AC=676;AN=5096;DP=20125;AF=0.13;EAS_AF=0.19;EUR_AF=0.05;AFR_AF=0.13;AMR_AF=0.04;SAS_AF=0.22;VT=SNP;NS=2548,GT,0|1
20,62177875,.,T,C,.,PASS,AC=674;AN=5096;DP=20092;AF=0.13;EAS_AF=0.18;EUR_AF=0.05;AFR_AF=0.13;AMR_AF=0.04;SAS_AF=0.22;VT=SNP;NS=2548,GT,0|1
20,62178059,.,G,A,.,PASS,AC=680;AN=5096;DP=14992;AF=0.13;EAS_AF=0.19;EUR_AF=0.05;AFR_AF=0.13;AMR_AF=0.04;SAS_AF=0.22;VT=SNP;NS=2548,GT,0|1
20,62178150,.,T,C,.,PASS,AC=576;AN=5096;DP=16429;AF=0.11;EAS_AF=0.18;EUR_AF=0.05;AFR_AF=0.09;AMR_AF=0.04;SAS_AF=0.2;VT=SNP;NS=2548,GT,0|1
20,62178159,.,T,C,.,PASS,AC=639;AN=5096;DP=15850;AF=0.13;EAS_AF=0.18;EUR_AF=0.05;AFR_AF=0.13;AMR_AF=0.04;SAS_AF=0.2;VT=SNP;NS=2548,GT,0|1
20,62178452,.,C,T,.,PASS,AC=618;AN=5096;DP=17969;AF=0.12;EAS_AF=0.19;EUR_AF=0.05;AFR_AF=0.09;AMR_AF=0.04;SAS_AF=0.22;VT=SNP;NS=2548,GT,0|1
20,62178498,.,A,G,.,PASS,AC=680;AN=5096;DP=20012;AF=0.13;EAS_AF=0.19;EUR_AF=0.05;AFR_AF=0.13;AMR_AF=0.04;SAS_AF=0.22;VT=SNP;NS=2548,GT,0|1
20,62178530,.,A,G,.,PASS,AC=617;AN=5096;DP=20304;AF=0.12;EAS_AF=0.19;EUR_AF=0.05;AFR_AF=0.09;AMR_AF=0.04;SAS_AF=0.22;VT=SNP;NS=2548,GT,0|1
20,62180833,.,T,G,.,PASS,AC=613;AN=5096;DP=15800;AF=0.12;EAS_AF=0.19;EUR_AF=0.05;AFR_AF=0.09;AMR_AF=0.04;SAS_AF=0.22;VT=SNP;NS=2548,GT,0|1
20,62182389,.,CATCCTT,C,.,PASS,AC=619;AN=5096;DP=21456;AF=0.12;EAS_AF=0.19;EUR_AF=0.06;AFR_AF=0.09;AMR_AF=0.04;SAS_AF=0.23;VT=INDEL;NS=2548,GT,0|1
20,62182433,.,A,G,.,PASS,AC=1193;AN=5096;DP=22432;AF=0.23;EAS_AF=0.19;EUR_AF=0.06;AFR_AF=0.49;AMR_AF=0.08;SAS_AF=0.22;VT=SNP;NS=2548,GT,0|1
