#CHROM,POS,ID,REF,ALT,QUAL,FILTER,INFO,FORMAT,HG02133
12,111454881,.,T,C,.,PASS,AC=717;AN=5096;DP=33083;AF=0.14;EAS_AF=0.53;EUR_AF=0;AFR_AF=0.01;AMR_AF=0.11;SAS_AF=0.09;VT=SNP;NS=2548,GT,1|1
12,111455733,.,A,G,.,PASS,AC=2725;AN=5096;DP=40807;AF=0.53;EAS_AF=0.89;EUR_AF=0.2;AFR_AF=0.78;AMR_AF=0.32;SAS_AF=0.34;VT=SNP;NS=2548,GT,1|1
12,111456427,.,CA,C,.,PASS,AC=2725;AN=5096;DP=58793;AF=0.53;EAS_AF=0.89;EUR_AF=0.2;AFR_AF=0.78;AMR_AF=0.32;SAS_AF=0.34;VT=INDEL;NS=2548,GT,1|1
12,111456483,.,G,A,.,PASS,AC=928;AN=5096;DP=39043;AF=0.18;EAS_AF=0.53;EUR_AF=0;AFR_AF=0.16;AMR_AF=0.12;SAS_AF=0.08;VT=SNP;NS=2548,GT,1|1
12,111457399,.,C,G,.,PASS,AC=2724;AN=5096;DP=267326;AF=0.53;EAS_AF=0.89;EUR_AF=0.2;AFR_AF=0.78;AMR_AF=0.32;SAS_AF=0.34;EX_TARGET;VT=SNP;NS=2548,GT,1|1
12,111459858,.,C,T,.,PASS,AC=935;AN=5096;DP=19823;AF=0.18;EAS_AF=0.53;EUR_AF=0;AFR_AF=0.17;AMR_AF=0.12;SAS_AF=0.08;VT=SNP;NS=2548,GT,1|1
12,111461926,.,GA,G,.,PASS,AC=2199;AN=5096;DP=16249;AF=0.43;EAS_AF=0.88;EUR_AF=0.23;AFR_AF=0.37;AMR_AF=0.31;SAS_AF=0.35;VT=INDEL;NS=2548,GT,1|1
12,111463400,.,C,A,.,PASS,AC=2718;AN=5096;DP=19930;AF=0.53;EAS_AF=0.89;EUR_AF=0.2;AFR_AF=0.78;AMR_AF=0.32;SAS_AF=0.34;VT=SNP;NS=2548,GT,1|1
12,111466172,.,TA,T,.,PASS,AC=2719;AN=5096;DP=11690;AF=0.53;EAS_AF=0.89;EUR_AF=0.2;AFR_AF=0.77;AMR_AF=0.32;SAS_AF=0.34;VT=INDEL;NS=2548,GT,1|1
12,111466567,.,T,A,.,PASS,AC=4317;AN=5096;DP=16212;AF=0.85;EAS_AF=1;EUR_AF=0.52;AFR_AF=0.98;AMR_AF=0.74;SAS_AF=0.93;VT=SNP;NS=2548,GT,1|1
12,111469627,.,A,AC,.,PASS,AC=4317;AN=5096;DP=20894;AF=0.85;EAS_AF=1;EUR_AF=0.52;AFR_AF=0.98;AMR_AF=0.74;SAS_AF=0.93;VT=INDEL;NS=2548,GT,1|1
12,111472415,.,A,G,.,PASS,AC=4318;AN=5096;DP=18597;AF=0.85;EAS_AF=1;EUR_AF=0.52;AFR_AF=0.98;AMR_AF=0.74;SAS_AF=0.93;VT=SNP;NS=2548,GT,1|1
12,111472786,.,C,G,.,PASS,AC=2118;AN=5096;DP=13805;AF=0.42;EAS_AF=0.89;EUR_AF=0.2;AFR_AF=0.36;AMR_AF=0.27;SAS_AF=0.34;VT=SNP;NS=2548,GT,1|1
12,111473108,.,G,A,.,PASS,AC=2717;AN=5096;DP=16274;AF=0.53;EAS_AF=0.89;EUR_AF=0.2;AFR_AF=0.78;AMR_AF=0.32;SAS_AF=0.34;VT=SNP;NS=2548,GT,1|1
12,111473481,.,T,C,.,PASS,AC=944;AN=5096;DP=18944;AF=0.19;EAS_AF=0.53;EUR_AF=0;AFR_AF=0.17;AMR_AF=0.12;SAS_AF=0.09;VT=SNP;NS=2548,GT,1|1
12,111474397,.,C,CA,.,PASS,AC=2114;AN=5096;DP=22715;AF=0.41;EAS_AF=0.89;EUR_AF=0.2;AFR_AF=0.35;AMR_AF=0.27;SAS_AF=0.34;VT=INDEL;NS=2548,GT,1|1
12,111474780,.,T,G,.,PASS,AC=716;AN=5096;DP=20749;AF=0.14;EAS_AF=0.53;EUR_AF=0;AFR_AF=0.01;AMR_AF=0.11;SAS_AF=0.09;VT=SNP;NS=2548,GT,1|1
12,111479855,.,TA,T,.,PASS,AC=2802;AN=5096;DP=13022;AF=0.55;EAS_AF=0.85;EUR_AF=0.26;AFR_AF=0.75;AMR_AF=0.39;SAS_AF=0.39;VT=INDEL;NS=2548,GT,1|1
12,111481506,.,C,CA,.,PASS,AC=2719;AN=5096;DP=20462;AF=0.53;EAS_AF=0.89;EUR_AF=0.2;AFR_AF=0.77;AMR_AF=0.32;SAS_AF=0.34;VT=INDEL;NS=2548,GT,1|1
12,111481834,.,G,A,.,PASS,AC=934;AN=5096;DP=17222;AF=0.18;EAS_AF=0.53;EUR_AF=0;AFR_AF=0.17;AMR_AF=0.12;SAS_AF=0.08;VT=SNP;NS=2548,GT,1|1
12,111482364,.,G,T,.,PASS,AC=2720;AN=5096;DP=17642;AF=0.53;EAS_AF=0.89;EUR_AF=0.2;AFR_AF=0.77;AMR_AF=0.32;SAS_AF=0.34;VT=SNP;NS=2548,GT,1|1
12,111483190,.,CACAT,C,.,PASS,AC=2654;AN=5096;DP=13219;AF=0.52;EAS_AF=0.85;EUR_AF=0.22;AFR_AF=0.74;AMR_AF=0.33;SAS_AF=0.34;VT=INDEL;NS=2548,GT,1|1
12,111485613,.,A,G,.,PASS,AC=713;AN=5096;DP=172248;AF=0.14;EAS_AF=0.53;EUR_AF=0;AFR_AF=0;AMR_AF=0.11;SAS_AF=0.09;VT=SNP;NS=2548,GT,1|1
12,111487453,.,TTTTA,T,.,PASS,AC=949;AN=5096;DP=18549;AF=0.19;EAS_AF=0.53;EUR_AF=0.01;AFR_AF=0.17;AMR_AF=0.12;SAS_AF=0.09;VT=INDEL;NS=2548,GT,1|1
12,111489097,.,T,C,.,PASS,AC=2722;AN=5096;DP=21361;AF=0.53;EAS_AF=0.89;EUR_AF=0.2;AFR_AF=0.77;AMR_AF=0.32;SAS_AF=0.34;VT=SNP;NS=2548,GT,1|1
12,111490690,.,C,T,.,PASS,AC=704;AN=5096;DP=23889;AF=0.14;EAS_AF=0.53;EUR_AF=0;AFR_AF=0;AMR_AF=0.11;SAS_AF=0.08;VT=SNP;NS=2548,GT,1|1
12,111491129,.,G,A,.,PASS,AC=708;AN=5096;DP=20702;AF=0.14;EAS_AF=0.53;EUR_AF=0;AFR_AF=0.01;AMR_AF=0.11;SAS_AF=0.08;VT=SNP;NS=2548,GT,1|1
12,111491168,.,A,G,.,PASS,AC=708;AN=5096;DP=21708;AF=0.14;EAS_AF=0.53;EUR_AF=0;AFR_AF=0.01;AMR_AF=0.11;SAS_AF=0.08;VT=SNP;NS=2548,GT,1|1
12,111491326,.,C,A,.,PASS,AC=934;AN=5096;DP=23040;AF=0.18;EAS_AF=0.53;EUR_AF=0;AFR_AF=0.17;AMR_AF=0.12;SAS_AF=0.08;VT=SNP;NS=2548,GT,1|1
12,111492596,.,T,C,.,PASS,AC=2720;AN=5096;DP=22560;AF=0.53;EAS_AF=0.89;EUR_AF=0.2;AFR_AF=0.77;AMR_AF=0.32;SAS_AF=0.34;VT=SNP;NS=2548,GT,1|1
12,111494464,.,C,T,.,PASS,AC=944;AN=5096;DP=13181;AF=0.19;EAS_AF=0.53;EUR_AF=0;AFR_AF=0.17;AMR_AF=0.12;SAS_AF=0.09;VT=SNP;NS=2548,GT,1|1
12,111494996,.,C,T,.,PASS,AC=4343;AN=5096;DP=19540;AF=0.85;EAS_AF=1;EUR_AF=0.54;AFR_AF=0.98;AMR_AF=0.75;SAS_AF=0.93;VT=SNP;NS=2548,GT,1|1
12,111501743,.,G,A,.,PASS,AC=571;AN=5096;DP=22581;AF=0.11;EAS_AF=0.47;EUR_AF=0;AFR_AF=0;AMR_AF=0.1;SAS_AF=0.02;VT=SNP;NS=2548,GT,1|1
12,111504689,.,T,C,.,PASS,AC=429;AN=5096;DP=18060;AF=0.08;EAS_AF=0.39;EUR_AF=0;AFR_AF=0;AMR_AF=0.01;SAS_AF=0.01;VT=SNP;NS=2548,GT,1|1
12,111505200,.,T,C,.,PASS,AC=2720;AN=5096;DP=18837;AF=0.53;EAS_AF=0.89;EUR_AF=0.2;AFR_AF=0.77;AMR_AF=0.32;SAS_AF=0.34;VT=SNP;NS=2548,GT,1|1
12,111505732,.,C,T,.,PASS,AC=945;AN=5096;DP=24226;AF=0.19;EAS_AF=0.53;EUR_AF=0;AFR_AF=0.17;AMR_AF=0.12;SAS_AF=0.09;VT=SNP;NS=2548,GT,1|1
12,111507527,.,C,T,.,PASS,AC=918;AN=5096;DP=11479;AF=0.18;EAS_AF=0.53;EUR_AF=0;AFR_AF=0.15;AMR_AF=0.11;SAS_AF=0.09;VT=SNP;NS=2548,GT,1|1
12,111508631,.,A,G,.,PASS,AC=2720;AN=5096;DP=18058;AF=0.53;EAS_AF=0.89;EUR_AF=0.2;AFR_AF=0.77;AMR_AF=0.32;SAS_AF=0.34;VT=SNP;NS=2548,GT,1|1
12,111511590,.,T,C,.,PASS,AC=3204;AN=5096;DP=17115;AF=0.63;EAS_AF=0.93;EUR_AF=0.24;AFR_AF=0.86;AMR_AF=0.37;SAS_AF=0.6;VT=SNP;NS=2548,GT,1|1
12,111514046,.,C,T,.,PASS,AC=2705;AN=5096;DP=16500;AF=0.53;EAS_AF=0.89;EUR_AF=0.19;AFR_AF=0.78;AMR_AF=0.32;SAS_AF=0.33;VT=SNP;NS=2548,GT,1|1
12,111514363,.,C,T,.,PASS,AC=2705;AN=5096;DP=16508;AF=0.53;EAS_AF=0.89;EUR_AF=0.19;AFR_AF=0.78;AMR_AF=0.32;SAS_AF=0.33;VT=SNP;NS=2548,GT,1|1
12,111524888,.,G,A,.,PASS,AC=909;AN=5096;DP=25366;AF=0.18;EAS_AF=0.53;EUR_AF=0;AFR_AF=0.15;AMR_AF=0.11;SAS_AF=0.09;VT=SNP;NS=2548,GT,1|1
12,111525686,.,AT,A,.,PASS,AC=2685;AN=5096;DP=18969;AF=0.53;EAS_AF=0.79;EUR_AF=0.28;AFR_AF=0.7;AMR_AF=0.38;SAS_AF=0.38;VT=INDEL;NS=2548,GT,1|1
12,111525766,.,C,T,.,PASS,AC=902;AN=5096;DP=15310;AF=0.18;EAS_AF=0.52;EUR_AF=0;AFR_AF=0.14;AMR_AF=0.11;SAS_AF=0.09;VT=SNP;NS=2548,GT,1|1
12,111526132,.,T,C,.,PASS,AC=2699;AN=5096;DP=13288;AF=0.53;EAS_AF=0.89;EUR_AF=0.2;AFR_AF=0.77;AMR_AF=0.32;SAS_AF=0.33;VT=SNP;NS=2548,GT,1|1
12,111527854,.,C,A,.,PASS,AC=2699;AN=5096;DP=22812;AF=0.53;EAS_AF=0.89;EUR_AF=0.2;AFR_AF=0.77;AMR_AF=0.32;SAS_AF=0.33;VT=SNP;NS=2548,GT,1|1
12,111529198,.,A,G,.,PASS,AC=710;AN=5096;DP=20798;AF=0.14;EAS_AF=0.53;EUR_AF=0;AFR_AF=0;AMR_AF=0.1;SAS_AF=0.09;VT=SNP;NS=2548,GT,1|1
12,111531584,.,ATAC,A,.,PASS,AC=2709;AN=5096;DP=19398;AF=0.53;EAS_AF=0.89;EUR_AF=0.2;AFR_AF=0.77;AMR_AF=0.32;SAS_AF=0.33;VT=INDEL;NS=2548,GT,1|1
12,111535120,.,T,C,.,PASS,AC=921;AN=5096;DP=19195;AF=0.18;EAS_AF=0.53;EUR_AF=0;AFR_AF=0.15;AMR_AF=0.11;SAS_AF=0.09;VT=SNP;NS=2548,GT,1|1
12,111535554,.,A,G,.,PASS,AC=4339;AN=5096;DP=18893;AF=0.85;EAS_AF=1;EUR_AF=0.54;AFR_AF=0.98;AMR_AF=0.74;SAS_AF=0.93;VT=SNP;NS=2548,GT,1|1
12,111536777,.,G,GT,.,PASS,AC=1807;AN=5096;DP=16609;AF=0.35;EAS_AF=0.59;EUR_AF=0.18;AFR_AF=0.43;AMR_AF=0.27;SAS_AF=0.24;VT=INDEL;NS=2548,GT,1|1
12,111537019,.,A,G,.,PASS,AC=2705;AN=5096;DP=15670;AF=0.53;EAS_AF=0.89;EUR_AF=0.19;AFR_AF=0.77;AMR_AF=0.32;SAS_AF=0.33;VT=SNP;NS=2548,GT,1|1
12,111538972,.,C,T,.,PASS,AC=3267;AN=5096;DP=19603;AF=0.64;EAS_AF=0.93;EUR_AF=0.27;AFR_AF=0.87;AMR_AF=0.38;SAS_AF=0.61;VT=SNP;NS=2548,GT,1|1
12,111545009,.,T,A,.,PASS,AC=3198;AN=5096;DP=16981;AF=0.63;EAS_AF=0.93;EUR_AF=0.24;AFR_AF=0.86;AMR_AF=0.36;SAS_AF=0.6;VT=SNP;NS=2548,GT,1|1
12,111545950,.,G,A,.,PASS,AC=921;AN=5096;DP=16063;AF=0.18;EAS_AF=0.53;EUR_AF=0;AFR_AF=0.15;AMR_AF=0.11;SAS_AF=0.09;VT=SNP;NS=2548,GT,1|1
12,111547463,.,C,T,.,PASS,AC=917;AN=5096;DP=19613;AF=0.18;EAS_AF=0.52;EUR_AF=0;AFR_AF=0.15;AMR_AF=0.11;SAS_AF=0.09;VT=SNP;NS=2548,GT,1|1
12,111547818,.,A,G,.,PASS,AC=917;AN=5096;DP=13820;AF=0.18;EAS_AF=0.52;EUR_AF=0;AFR_AF=0.15;AMR_AF=0.11;SAS_AF=0.09;VT=SNP;NS=2548,GT,1|1
12,111553789,.,C,T,.,PASS,AC=711;AN=5096;DP=18052;AF=0.14;EAS_AF=0.52;EUR_AF=0;AFR_AF=0.01;AMR_AF=0.11;SAS_AF=0.09;VT=SNP;NS=2548,GT,1|1
12,111555908,.,C,T,.,PASS,AC=916;AN=5096;DP=245950;AF=0.18;EAS_AF=0.52;EUR_AF=0;AFR_AF=0.15;AMR_AF=0.11;SAS_AF=0.09;EX_TARGET;VT=SNP;NS=2548,GT,1|1
12,111556082,.,A,G,.,PASS,AC=3210;AN=5096;DP=41185;AF=0.63;EAS_AF=0.93;EUR_AF=0.24;AFR_AF=0.86;AMR_AF=0.37;SAS_AF=0.6;VT=SNP;NS=2548,GT,1|1
12,111557048,.,A,C,.,PASS,AC=622;AN=5096;DP=19191;AF=0.12;EAS_AF=0.5;EUR_AF=0;AFR_AF=0;AMR_AF=0.1;SAS_AF=0.03;VT=SNP;NS=2548,GT,1|1
12,111558952,.,T,TA,.,PASS,AC=4758;AN=5096;DP=15649;AF=0.93;EAS_AF=0.91;EUR_AF=0.91;AFR_AF=0.96;AMR_AF=0.94;SAS_AF=0.94;VT=INDEL;NS=2548,GT,1|1
12,111563590,.,A,G,.,PASS,AC=918;AN=5096;DP=14963;AF=0.18;EAS_AF=0.52;EUR_AF=0;AFR_AF=0.15;AMR_AF=0.11;SAS_AF=0.09;VT=SNP;NS=2548,GT,1|1
12,111565579,.,G,T,.,PASS,AC=2710;AN=5096;DP=21447;AF=0.53;EAS_AF=0.89;EUR_AF=0.19;AFR_AF=0.78;AMR_AF=0.32;SAS_AF=0.33;VT=SNP;NS=2548,GT,1|1
12,111565967,.,C,T,.,PASS,AC=917;AN=5096;DP=18998;AF=0.18;EAS_AF=0.52;EUR_AF=0;AFR_AF=0.15;AMR_AF=0.11;SAS_AF=0.09;VT=SNP;NS=2548,GT,1|1
12,111566448,.,G,GA,.,PASS,AC=2616;AN=5096;DP=17640;AF=0.51;EAS_AF=0.86;EUR_AF=0.19;AFR_AF=0.74;AMR_AF=0.31;SAS_AF=0.33;VT=INDEL;NS=2548,GT,1|1
12,111567224,.,G,A,.,PASS,AC=923;AN=5096;DP=19596;AF=0.18;EAS_AF=0.52;EUR_AF=0;AFR_AF=0.16;AMR_AF=0.12;SAS_AF=0.09;VT=SNP;NS=2548,GT,1|1
12,111569952,.,C,T,.,PASS,AC=4357;AN=5096;DP=24225;AF=0.85;EAS_AF=1;EUR_AF=0.55;AFR_AF=0.98;AMR_AF=0.75;SAS_AF=0.93;VT=SNP;NS=2548,GT,1|1
12,111570438,.,C,T,.,PASS,AC=2706;AN=5096;DP=23260;AF=0.53;EAS_AF=0.89;EUR_AF=0.19;AFR_AF=0.77;AMR_AF=0.32;SAS_AF=0.33;VT=SNP;NS=2548,GT,1|1
12,111573042,.,AT,A,.,PASS,AC=4018;AN=5096;DP=14764;AF=0.79;EAS_AF=0.68;EUR_AF=0.82;AFR_AF=0.83;AMR_AF=0.85;SAS_AF=0.78;VT=INDEL;NS=2548,GT,1|1
12,111573046,.,T,A,.,PASS,AC=3777;AN=5096;DP=14230;AF=0.74;EAS_AF=0.65;EUR_AF=0.76;AFR_AF=0.78;AMR_AF=0.79;SAS_AF=0.73;VT=SNP;NS=2548,GT,0|1
12,111576137,.,T,C,.,PASS,AC=2052;AN=5096;DP=24452;AF=0.4;EAS_AF=0.37;EUR_AF=0.52;AFR_AF=0.26;AMR_AF=0.46;SAS_AF=0.48;VT=SNP;NS=2548,GT,0|1
12,111576247,.,C,A,.,PASS,AC=712;AN=5096;DP=20588;AF=0.14;EAS_AF=0.52;EUR_AF=0;AFR_AF=0.01;AMR_AF=0.1;SAS_AF=0.09;VT=SNP;NS=2548,GT,1|1
12,111577455,.,C,T,.,PASS,AC=915;AN=5096;DP=14116;AF=0.18;EAS_AF=0.52;EUR_AF=0;AFR_AF=0.15;AMR_AF=0.11;SAS_AF=0.09;VT=SNP;NS=2548,GT,1|1
12,111578020,.,AC,A,.,PASS,AC=3890;AN=5096;DP=21178;AF=0.76;EAS_AF=0.63;EUR_AF=0.81;AFR_AF=0.79;AMR_AF=0.84;SAS_AF=0.76;VT=INDEL;NS=2548,GT,1|1
12,111578212,.,A,C,.,PASS,AC=3309;AN=5096;DP=24137;AF=0.65;EAS_AF=0.63;EUR_AF=0.81;AFR_AF=0.38;AMR_AF=0.8;SAS_AF=0.76;VT=SNP;NS=2548,GT,1|1
12,111582351,.,C,CAGA,.,PASS,AC=5029;AN=5096;DP=21071;AF=0.99;EAS_AF=1;EUR_AF=0.97;AFR_AF=1;AMR_AF=0.96;SAS_AF=0.99;VT=INDEL;NS=2548,GT,1|1
12,111582410,.,G,C,.,PASS,AC=3890;AN=5096;DP=17391;AF=0.76;EAS_AF=0.63;EUR_AF=0.81;AFR_AF=0.79;AMR_AF=0.84;SAS_AF=0.76;VT=SNP;NS=2548,GT,1|1
12,111584145,.,A,G,.,PASS,AC=5029;AN=5096;DP=17251;AF=0.99;EAS_AF=1;EUR_AF=0.97;AFR_AF=1;AMR_AF=0.96;SAS_AF=0.99;VT=SNP;NS=2548,GT,1|1
12,111584548,.,G,C,.,PASS,AC=914;AN=5096;DP=18966;AF=0.18;EAS_AF=0.52;EUR_AF=0;AFR_AF=0.15;AMR_AF=0.11;SAS_AF=0.09;VT=SNP;NS=2548,GT,1|1
12,111585197,.,A,G,.,PASS,AC=3889;AN=5096;DP=19533;AF=0.76;EAS_AF=0.63;EUR_AF=0.81;AFR_AF=0.79;AMR_AF=0.84;SAS_AF=0.76;VT=SNP;NS=2548,GT,1|1
12,111585207,.,A,G,.,PASS,AC=914;AN=5096;DP=19031;AF=0.18;EAS_AF=0.52;EUR_AF=0;AFR_AF=0.15;AMR_AF=0.11;SAS_AF=0.09;VT=SNP;NS=2548,GT,1|1
12,111585879,.,G,A,.,PASS,AC=914;AN=5096;DP=16729;AF=0.18;EAS_AF=0.52;EUR_AF=0;AFR_AF=0.15;AMR_AF=0.11;SAS_AF=0.09;VT=SNP;NS=2548,GT,1|1
12,111586367,.,G,A,.,PASS,AC=915;AN=5096;DP=13200;AF=0.18;EAS_AF=0.52;EUR_AF=0;AFR_AF=0.15;AMR_AF=0.11;SAS_AF=0.09;VT=SNP;NS=2548,GT,1|1
12,111588579,.,A,G,.,PASS,AC=3892;AN=5096;DP=17922;AF=0.76;EAS_AF=0.63;EUR_AF=0.81;AFR_AF=0.79;AMR_AF=0.84;SAS_AF=0.76;VT=SNP;NS=2548,GT,1|1
12,111591756,.,T,TTTG,.,PASS,AC=916;AN=5096;DP=21874;AF=0.18;EAS_AF=0.52;EUR_AF=0;AFR_AF=0.15;AMR_AF=0.11;SAS_AF=0.09;VT=INDEL;NS=2548,GT,1|1
12,111598949,.,GGCT,G,.,PASS,AC=4888;AN=5096;DP=7030;AF=0.96;EAS_AF=1;EUR_AF=0.97;AFR_AF=0.9;AMR_AF=0.95;SAS_AF=0.99;EX_TARGET;VT=INDEL;NS=2548,GT,1|1
12,111598993,.,C,T,.,PASS,AC=3347;AN=5096;DP=8833;AF=0.66;EAS_AF=0.63;EUR_AF=0.77;AFR_AF=0.52;AMR_AF=0.67;SAS_AF=0.74;EX_TARGET;VT=SNP;NS=2548,GT,1|1
