#CHROM,POS,ID,REF,ALT,QUAL,FILTER,INFO,FORMAT,HG02076
9,27546830,.,A,G,.,PASS,AC=854;AN=5096;DP=17554;AF=0.17;EAS_AF=0.13;EUR_AF=0.27;AFR_AF=0.11;AMR_AF=0.15;SAS_AF=0.2;VT=SNP;NS=2548,GT,1|0
9,27548929,.,A,C,.,PASS,AC=959;AN=5096;DP=24194;AF=0.19;EAS_AF=0.13;EUR_AF=0.27;AFR_AF=0.18;AMR_AF=0.15;SAS_AF=0.2;VT=SNP;NS=2548,GT,1|0
9,27548937,.,T,G,.,PASS,AC=2441;AN=5096;DP=24003;AF=0.48;EAS_AF=0.57;EUR_AF=0.51;AFR_AF=0.34;AMR_AF=0.52;SAS_AF=0.51;VT=SNP;NS=2548,GT,0|1
9,27551001,.,A,C,.,PASS,AC=824;AN=5096;DP=19144;AF=0.16;EAS_AF=0.12;EUR_AF=0.25;AFR_AF=0.11;AMR_AF=0.14;SAS_AF=0.2;VT=SNP;NS=2548,GT,1|0
9,27551042,.,C,T,.,PASS,AC=844;AN=5096;DP=18619;AF=0.17;EAS_AF=0.09;EUR_AF=0.23;AFR_AF=0.19;AMR_AF=0.14;SAS_AF=0.16;VT=SNP;NS=2548,GT,0|1
9,27551088,.,A,AC,.,PASS,AC=2100;AN=5096;DP=19227;AF=0.41;EAS_AF=0.43;EUR_AF=0.47;AFR_AF=0.28;AMR_AF=0.45;SAS_AF=0.49;VT=INDEL;NS=2548,GT,1|0
9,27551929,.,T,C,.,PASS,AC=821;AN=5096;DP=22030;AF=0.16;EAS_AF=0.12;EUR_AF=0.25;AFR_AF=0.11;AMR_AF=0.14;SAS_AF=0.2;VT=SNP;NS=2548,GT,1|0
9,27552359,.,CT,C,.,PASS,AC=3934;AN=5096;DP=19852;AF=0.77;EAS_AF=0.91;EUR_AF=0.77;AFR_AF=0.59;AMR_AF=0.84;SAS_AF=0.84;VT=INDEL;NS=2548,GT,1|0
9,27553191,.,T,C,.,PASS,AC=4649;AN=5096;DP=20662;AF=0.91;EAS_AF=1;EUR_AF=1;AFR_AF=0.68;AMR_AF=0.97;SAS_AF=1;VT=SNP;NS=2548,GT,1|1
9,27553386,.,G,C,.,PASS,AC=821;AN=5096;DP=20327;AF=0.16;EAS_AF=0.12;EUR_AF=0.25;AFR_AF=0.11;AMR_AF=0.14;SAS_AF=0.19;VT=SNP;NS=2548,GT,1|0
9,27553878,.,T,C,.,PASS,AC=821;AN=5096;DP=21161;AF=0.16;EAS_AF=0.12;EUR_AF=0.25;AFR_AF=0.11;AMR_AF=0.14;SAS_AF=0.19;VT=SNP;NS=2548,GT,1|0
9,27554190,.,T,G,.,PASS,AC=2236;AN=5096;DP=21598;AF=0.44;EAS_AF=0.43;EUR_AF=0.48;AFR_AF=0.33;AMR_AF=0.46;SAS_AF=0.53;VT=SNP;NS=2548,GT,1|0
9,27555819,.,T,A,.,PASS,AC=661;AN=5096;DP=17732;AF=0.13;EAS_AF=0.12;EUR_AF=0.24;AFR_AF=0.02;AMR_AF=0.13;SAS_AF=0.17;VT=SNP;NS=2548,GT,1|0
9,27556039,.,T,A,.,PASS,AC=5041;AN=5096;DP=14101;AF=0.99;EAS_AF=1;EUR_AF=1;AFR_AF=0.96;AMR_AF=1;SAS_AF=1;VT=SNP;NS=2548,GT,1|1
9,27556055,.,T,A,.,PASS,AC=4028;AN=5096;DP=13668;AF=0.79;EAS_AF=0.81;EUR_AF=0.97;AFR_AF=0.57;AMR_AF=0.8;SAS_AF=0.87;VT=SNP;NS=2548,GT,1|1
9,27557283,.,C,T,.,PASS,AC=5036;AN=5096;DP=18145;AF=0.99;EAS_AF=1;EUR_AF=1;AFR_AF=0.96;AMR_AF=1;SAS_AF=1;VT=SNP;NS=2548,GT,1|1
9,27557456,.,T,C,.,PASS,AC=822;AN=5096;DP=17866;AF=0.16;EAS_AF=0.12;EUR_AF=0.25;AFR_AF=0.11;AMR_AF=0.14;SAS_AF=0.2;VT=SNP;NS=2548,GT,1|0
9,27557539,.,T,C,.,PASS,AC=1016;AN=5096;DP=15916;AF=0.2;EAS_AF=0.1;EUR_AF=0.25;AFR_AF=0.26;AMR_AF=0.16;SAS_AF=0.2;VT=SNP;NS=2548,GT,0|1
9,27557921,.,T,C,.,PASS,AC=819;AN=5096;DP=11921;AF=0.16;EAS_AF=0.12;EUR_AF=0.25;AFR_AF=0.11;AMR_AF=0.14;SAS_AF=0.19;VT=SNP;NS=2548,GT,1|0
9,27559676,.,A,G,.,PASS,AC=824;AN=5096;DP=18874;AF=0.16;EAS_AF=0.12;EUR_AF=0.25;AFR_AF=0.11;AMR_AF=0.14;SAS_AF=0.2;VT=SNP;NS=2548,GT,1|0
9,27559723,.,T,C,.,PASS,AC=996;AN=5096;DP=17890;AF=0.2;EAS_AF=0.1;EUR_AF=0.25;AFR_AF=0.24;AMR_AF=0.16;SAS_AF=0.2;VT=SNP;NS=2548,GT,0|1
9,27559735,.,G,A,.,PASS,AC=2128;AN=5096;DP=17792;AF=0.42;EAS_AF=0.43;EUR_AF=0.48;AFR_AF=0.26;AMR_AF=0.45;SAS_AF=0.53;VT=SNP;NS=2548,GT,1|0
9,27559837,.,G,A,.,PASS,AC=855;AN=5096;DP=19677;AF=0.17;EAS_AF=0.09;EUR_AF=0.23;AFR_AF=0.19;AMR_AF=0.15;SAS_AF=0.16;VT=SNP;NS=2548,GT,0|1
9,27559999,.,T,A,.,PASS,AC=3217;AN=5096;DP=39603;AF=0.63;EAS_AF=0.52;EUR_AF=0.72;AFR_AF=0.61;AMR_AF=0.62;SAS_AF=0.69;VT=SNP;NS=2548,GT,1|1
9,27560419,.,G,A,.,PASS,AC=820;AN=5096;DP=65958;AF=0.16;EAS_AF=0.12;EUR_AF=0.25;AFR_AF=0.11;AMR_AF=0.14;SAS_AF=0.19;VT=SNP;NS=2548,GT,1|0
9,27560596,.,T,C,.,PASS,AC=2232;AN=5096;DP=20900;AF=0.44;EAS_AF=0.43;EUR_AF=0.48;AFR_AF=0.33;AMR_AF=0.46;SAS_AF=0.53;VT=SNP;NS=2548,GT,1|0
9,27561051,.,T,C,.,PASS,AC=997;AN=5096;DP=19940;AF=0.2;EAS_AF=0.09;EUR_AF=0.25;AFR_AF=0.25;AMR_AF=0.16;SAS_AF=0.2;VT=SNP;NS=2548,GT,0|1
9,27561467,.,A,ATGT,.,PASS,AC=5033;AN=5096;DP=76777;AF=0.99;EAS_AF=1;EUR_AF=1;AFR_AF=0.96;AMR_AF=1;SAS_AF=1;VT=INDEL;NS=2548,GT,1|1
9,27561802,.,C,T,.,PASS,AC=859;AN=5096;DP=39717;AF=0.17;EAS_AF=0.09;EUR_AF=0.24;AFR_AF=0.19;AMR_AF=0.15;SAS_AF=0.16;VT=SNP;NS=2548,GT,0|1
9,27562235,.,T,C,.,PASS,AC=2043;AN=5096;DP=42563;AF=0.4;EAS_AF=0.43;EUR_AF=0.43;AFR_AF=0.25;AMR_AF=0.43;SAS_AF=0.52;VT=SNP;NS=2548,GT,1|0
9,27562295,.,T,A,.,PASS,AC=2043;AN=5096;DP=60451;AF=0.4;EAS_AF=0.43;EUR_AF=0.43;AFR_AF=0.25;AMR_AF=0.43;SAS_AF=0.52;VT=SNP;NS=2548,GT,1|0
9,27562354,.,T,C,.,PASS,AC=5096;AN=5096;DP=175174;AF=1;EAS_AF=1;EUR_AF=1;AFR_AF=1;AMR_AF=1;SAS_AF=1;VT=SNP;NS=2548,GT,1|1
9,27562883,.,T,C,.,PASS,AC=2144;AN=5096;DP=17417;AF=0.42;EAS_AF=0.43;EUR_AF=0.43;AFR_AF=0.33;AMR_AF=0.44;SAS_AF=0.52;VT=SNP;NS=2548,GT,1|0
9,27563042,.,G,GTTAA,.,PASS,AC=4631;AN=5096;DP=16491;AF=0.91;EAS_AF=1;EUR_AF=1;AFR_AF=0.67;AMR_AF=0.97;SAS_AF=1;VT=INDEL;NS=2548,GT,1|1
9,27563757,.,A,C,.,PASS,AC=859;AN=5096;DP=18675;AF=0.17;EAS_AF=0.09;EUR_AF=0.23;AFR_AF=0.19;AMR_AF=0.15;SAS_AF=0.16;VT=SNP;NS=2548,GT,0|1
9,27563870,.,G,A,.,PASS,AC=856;AN=5096;DP=19380;AF=0.17;EAS_AF=0.09;EUR_AF=0.23;AFR_AF=0.19;AMR_AF=0.15;SAS_AF=0.16;VT=SNP;NS=2548,GT,0|1
9,27564010,.,A,G,.,PASS,AC=954;AN=5096;DP=18979;AF=0.19;EAS_AF=0.12;EUR_AF=0.25;AFR_AF=0.2;AMR_AF=0.15;SAS_AF=0.2;VT=SNP;NS=2548,GT,1|0
9,27564257,.,T,C,.,PASS,AC=827;AN=5096;DP=20023;AF=0.16;EAS_AF=0.12;EUR_AF=0.25;AFR_AF=0.11;AMR_AF=0.14;SAS_AF=0.2;VT=SNP;NS=2548,GT,1|0
9,27564340,.,T,C,.,PASS,AC=954;AN=5096;DP=18814;AF=0.19;EAS_AF=0.12;EUR_AF=0.25;AFR_AF=0.2;AMR_AF=0.15;SAS_AF=0.2;VT=SNP;NS=2548,GT,1|0
9,27564417,.,A,G,.,PASS,AC=954;AN=5096;DP=18436;AF=0.19;EAS_AF=0.12;EUR_AF=0.25;AFR_AF=0.2;AMR_AF=0.15;SAS_AF=0.2;VT=SNP;NS=2548,GT,1|0
9,27564423,.,T,C,.,PASS,AC=4693;AN=5096;DP=18333;AF=0.92;EAS_AF=1;EUR_AF=1;AFR_AF=0.71;AMR_AF=0.98;SAS_AF=1;VT=SNP;NS=2548,GT,1|1
9,27565107,.,G,A,.,PASS,AC=2053;AN=5096;DP=21854;AF=0.4;EAS_AF=0.39;EUR_AF=0.42;AFR_AF=0.33;AMR_AF=0.43;SAS_AF=0.48;VT=SNP;NS=2548,GT,0|1
9,27565153,.,C,T,.,PASS,AC=5040;AN=5096;DP=23483;AF=0.99;EAS_AF=1;EUR_AF=1;AFR_AF=0.96;AMR_AF=1;SAS_AF=1;VT=SNP;NS=2548,GT,1|1
9,27565220,.,AAG,A,.,PASS,AC=861;AN=5096;DP=26624;AF=0.17;EAS_AF=0.09;EUR_AF=0.23;AFR_AF=0.19;AMR_AF=0.15;SAS_AF=0.16;VT=INDEL;NS=2548,GT,0|1
9,27565246,.,T,G,.,PASS,AC=826;AN=5096;DP=31484;AF=0.16;EAS_AF=0.12;EUR_AF=0.25;AFR_AF=0.11;AMR_AF=0.14;SAS_AF=0.2;VT=SNP;NS=2548,GT,1|0
9,27565294,.,A,T,.,PASS,AC=965;AN=5096;DP=46050;AF=0.19;EAS_AF=0.13;EUR_AF=0.27;AFR_AF=0.16;AMR_AF=0.15;SAS_AF=0.23;VT=SNP;NS=2548,GT,1|0
9,27565716,.,A,C,.,PASS,AC=824;AN=5096;DP=81487;AF=0.16;EAS_AF=0.12;EUR_AF=0.25;AFR_AF=0.11;AMR_AF=0.14;SAS_AF=0.2;VT=SNP;NS=2548,GT,1|0
9,27567147,.,C,T,.,PASS,AC=861;AN=5096;DP=147316;AF=0.17;EAS_AF=0.12;EUR_AF=0.25;AFR_AF=0.13;AMR_AF=0.15;SAS_AF=0.19;VT=SNP;NS=2548,GT,1|0
9,27567610,.,G,A,.,PASS,AC=862;AN=5096;DP=23668;AF=0.17;EAS_AF=0.12;EUR_AF=0.25;AFR_AF=0.13;AMR_AF=0.15;SAS_AF=0.19;VT=SNP;NS=2548,GT,1|0
9,27567937,.,C,A,.,PASS,AC=861;AN=5096;DP=21983;AF=0.17;EAS_AF=0.12;EUR_AF=0.25;AFR_AF=0.13;AMR_AF=0.15;SAS_AF=0.19;VT=SNP;NS=2548,GT,1|0
9,27568180,.,C,G,.,PASS,AC=864;AN=5096;DP=20828;AF=0.17;EAS_AF=0.12;EUR_AF=0.25;AFR_AF=0.14;AMR_AF=0.15;SAS_AF=0.2;VT=SNP;NS=2548,GT,1|0
9,27568772,.,A,G,.,PASS,AC=5038;AN=5096;DP=22501;AF=0.99;EAS_AF=1;EUR_AF=1;AFR_AF=0.96;AMR_AF=1;SAS_AF=1;VT=SNP;NS=2548,GT,1|1
9,27568819,.,A,G,.,PASS,AC=699;AN=5096;DP=19986;AF=0.14;EAS_AF=0.09;EUR_AF=0.24;AFR_AF=0.07;AMR_AF=0.14;SAS_AF=0.16;VT=SNP;NS=2548,GT,0|1
9,27570156,.,A,G,.,PASS,AC=4676;AN=5096;DP=19675;AF=0.92;EAS_AF=0.89;EUR_AF=0.95;AFR_AF=0.91;AMR_AF=0.96;SAS_AF=0.89;VT=SNP;NS=2548,GT,1|1
9,27570350,.,C,T,.,PASS,AC=3337;AN=5096;DP=17770;AF=0.65;EAS_AF=0.77;EUR_AF=0.7;AFR_AF=0.44;AMR_AF=0.78;SAS_AF=0.7;VT=SNP;NS=2548,GT,0|1
9,27570875,.,A,AAAAC,.,PASS,AC=988;AN=5096;DP=21067;AF=0.19;EAS_AF=0.09;EUR_AF=0.24;AFR_AF=0.28;AMR_AF=0.16;SAS_AF=0.17;VT=INDEL;NS=2548,GT,0|1
9,27572463,.,C,CTT,.,PASS,AC=1059;AN=5096;DP=22960;AF=0.21;EAS_AF=0.09;EUR_AF=0.24;AFR_AF=0.3;AMR_AF=0.16;SAS_AF=0.2;VT=INDEL;NS=2548,GT,0|1
9,27573523,.,CGCCCCG,C,.,PASS,AC=3150;AN=5096;DP=3623;AF=0.62;EAS_AF=0.75;EUR_AF=0.59;AFR_AF=0.52;AMR_AF=0.7;SAS_AF=0.58;VT=INDEL;NS=2548,GT,1|0
