#CHROM,POS,ID,REF,ALT,QUAL,FILTER,INFO,FORMAT,HG01872
21,31660688,.,C,G,.,PASS,AC=1159;AN=5096;DP=21437;AF=0.23;EAS_AF=0.52;EUR_AF=0.07;AFR_AF=0.12;AMR_AF=0.22;SAS_AF=0.23;VT=SNP;NS=2548,GT,1|0
21,31662304,.,A,G,.,PASS,AC=1;AN=5096;DP=23579;AF=0;EAS_AF=0;EUR_AF=0;AFR_AF=0;AMR_AF=0;SAS_AF=0;VT=SNP;NS=2548,GT,0|1
21,31662579,.,G,A,.,PASS,AC=1672;AN=5096;DP=21074;AF=0.33;EAS_AF=0.52;EUR_AF=0.13;AFR_AF=0.44;AMR_AF=0.26;SAS_AF=0.24;VT=SNP;NS=2548,GT,1|0
21,31663125,.,C,T,.,PASS,AC=993;AN=5096;DP=17406;AF=0.19;EAS_AF=0.5;EUR_AF=0.07;AFR_AF=0.1;AMR_AF=0.2;SAS_AF=0.12;VT=SNP;NS=2548,GT,1|0
21,31664078,.,T,G,.,PASS,AC=1500;AN=5096;DP=76439;AF=0.29;EAS_AF=0.52;EUR_AF=0.13;AFR_AF=0.31;AMR_AF=0.25;SAS_AF=0.24;VT=SNP;NS=2548,GT,1|0
21,31665161,.,TA,T,.,PASS,AC=2588;AN=5096;DP=14175;AF=0.51;EAS_AF=0.76;EUR_AF=0.36;AFR_AF=0.41;AMR_AF=0.51;SAS_AF=0.53;VT=INDEL;NS=2548,GT,1|1
21,31665169,.,A,T,.,PASS,AC=2905;AN=5096;DP=14096;AF=0.57;EAS_AF=0.8;EUR_AF=0.43;AFR_AF=0.5;AMR_AF=0.59;SAS_AF=0.56;VT=SNP;NS=2548,GT,1|1
21,31665251,.,A,G,.,PASS,AC=1260;AN=5096;DP=16807;AF=0.25;EAS_AF=0.31;EUR_AF=0.31;AFR_AF=0.05;AMR_AF=0.33;SAS_AF=0.32;VT=SNP;NS=2548,GT,0|1
21,31665437,.,T,A,.,PASS,AC=3;AN=5096;DP=19868;AF=0;EAS_AF=0;EUR_AF=0;AFR_AF=0;AMR_AF=0;SAS_AF=0;VT=SNP;NS=2548,GT,1|0
21,31666034,.,C,A,.,PASS,AC=1261;AN=5096;DP=15928;AF=0.25;EAS_AF=0.51;EUR_AF=0.07;AFR_AF=0.2;AMR_AF=0.23;SAS_AF=0.23;VT=SNP;NS=2548,GT,1|0
21,31667007,.,A,G,.,PASS,AC=1264;AN=5096;DP=41290;AF=0.25;EAS_AF=0.51;EUR_AF=0.07;AFR_AF=0.2;AMR_AF=0.23;SAS_AF=0.23;VT=SNP;NS=2548,GT,1|0
21,31667461,.,TA,T,.,PASS,AC=1247;AN=5096;DP=174884;AF=0.24;EAS_AF=0.51;EUR_AF=0.07;AFR_AF=0.2;AMR_AF=0.22;SAS_AF=0.23;VT=INDEL;NS=2548,GT,1|0
21,31667716,.,A,G,.,PASS,AC=1403;AN=5096;DP=24559;AF=0.28;EAS_AF=0.51;EUR_AF=0.07;AFR_AF=0.31;AMR_AF=0.23;SAS_AF=0.23;VT=SNP;NS=2548,GT,1|0
21,31667849,.,C,T,.,PASS,AC=1237;AN=5096;DP=21281;AF=0.24;EAS_AF=0.31;EUR_AF=0.3;AFR_AF=0.05;AMR_AF=0.32;SAS_AF=0.32;VT=SNP;NS=2548,GT,0|1
21,31668013,.,CT,C,.,PASS,AC=2960;AN=5096;DP=20291;AF=0.58;EAS_AF=0.83;EUR_AF=0.43;AFR_AF=0.53;AMR_AF=0.58;SAS_AF=0.55;VT=INDEL;NS=2548,GT,1|1
21,31668058,.,C,T,.,PASS,AC=1240;AN=5096;DP=20970;AF=0.24;EAS_AF=0.31;EUR_AF=0.3;AFR_AF=0.05;AMR_AF=0.32;SAS_AF=0.32;VT=SNP;NS=2548,GT,0|1
