#CHROM,POS,ID,REF,ALT,QUAL,FILTER,INFO,FORMAT,HG01855
17,35809498,.,C,A,.,PASS,AC=4;AN=5096;DP=71281;AF=0;EAS_AF=0;EUR_AF=0;AFR_AF=0;AMR_AF=0;SAS_AF=0;VT=SNP;NS=2548,GT,0|1
17,35810455,.,A,G,.,PASS,AC=2;AN=5096;DP=21768;AF=0;EAS_AF=0;EUR_AF=0;AFR_AF=0;AMR_AF=0;SAS_AF=0;VT=SNP;NS=2548,GT,1|0
17,35812214,.,A,G,.,PASS,AC=964;AN=5096;DP=23669;AF=0.19;EAS_AF=0.33;EUR_AF=0.11;AFR_AF=0.19;AMR_AF=0.2;SAS_AF=0.11;VT=SNP;NS=2548,GT,1|1
17,35813450,.,G,A,.,PASS,AC=1569;AN=5096;DP=20110;AF=0.31;EAS_AF=0.32;EUR_AF=0.16;AFR_AF=0.46;AMR_AF=0.23;SAS_AF=0.31;VT=SNP;NS=2548,GT,1|1
17,35813645,.,G,A,.,PASS,AC=559;AN=5096;DP=14666;AF=0.11;EAS_AF=0.21;EUR_AF=0.1;AFR_AF=0.01;AMR_AF=0.17;SAS_AF=0.1;VT=SNP;NS=2548,GT,1|1
17,35814874,.,A,G,.,PASS,AC=600;AN=5096;DP=16346;AF=0.12;EAS_AF=0.21;EUR_AF=0.1;AFR_AF=0.04;AMR_AF=0.18;SAS_AF=0.1;VT=SNP;NS=2548,GT,1|1
17,35814967,.,T,G,.,PASS,AC=600;AN=5096;DP=18702;AF=0.12;EAS_AF=0.21;EUR_AF=0.1;AFR_AF=0.04;AMR_AF=0.18;SAS_AF=0.1;VT=SNP;NS=2548,GT,1|1
17,35815358,.,G,A,.,PASS,AC=936;AN=5096;DP=20153;AF=0.18;EAS_AF=0.31;EUR_AF=0.11;AFR_AF=0.19;AMR_AF=0.2;SAS_AF=0.11;VT=SNP;NS=2548,GT,1|1
17,35816641,.,T,A,.,PASS,AC=1599;AN=5096;DP=18205;AF=0.31;EAS_AF=0.35;EUR_AF=0.15;AFR_AF=0.46;AMR_AF=0.23;SAS_AF=0.31;VT=SNP;NS=2548,GT,1|1
17,35816664,.,T,TA,.,PASS,AC=1599;AN=5096;DP=18087;AF=0.31;EAS_AF=0.35;EUR_AF=0.15;AFR_AF=0.46;AMR_AF=0.23;SAS_AF=0.31;VT=INDEL;NS=2548,GT,1|1
17,35818127,.,G,A,.,PASS,AC=611;AN=5096;DP=20655;AF=0.12;EAS_AF=0.21;EUR_AF=0.1;AFR_AF=0.05;AMR_AF=0.18;SAS_AF=0.1;VT=SNP;NS=2548,GT,1|1
17,35818348,.,T,C,.,PASS,AC=610;AN=5096;DP=18018;AF=0.12;EAS_AF=0.21;EUR_AF=0.1;AFR_AF=0.05;AMR_AF=0.18;SAS_AF=0.1;VT=SNP;NS=2548,GT,1|1
17,35819814,.,C,A,.,PASS,AC=927;AN=5096;DP=38442;AF=0.18;EAS_AF=0.3;EUR_AF=0.11;AFR_AF=0.19;AMR_AF=0.19;SAS_AF=0.11;VT=SNP;NS=2548,GT,1|1
17,35821563,.,TA,T,.,PASS,AC=932;AN=5096;DP=17322;AF=0.18;EAS_AF=0.3;EUR_AF=0.11;AFR_AF=0.19;AMR_AF=0.2;SAS_AF=0.11;VT=INDEL;NS=2548,GT,1|1
17,35822045,.,T,A,.,PASS,AC=1564;AN=5096;DP=17299;AF=0.31;EAS_AF=0.32;EUR_AF=0.16;AFR_AF=0.46;AMR_AF=0.23;SAS_AF=0.3;VT=SNP;NS=2548,GT,1|1
17,35823421,.,C,T,.,PASS,AC=1572;AN=5096;DP=17846;AF=0.31;EAS_AF=0.32;EUR_AF=0.16;AFR_AF=0.46;AMR_AF=0.23;SAS_AF=0.3;VT=SNP;NS=2548,GT,1|1
17,35823733,.,G,C,.,PASS,AC=562;AN=5096;DP=23470;AF=0.11;EAS_AF=0.21;EUR_AF=0.1;AFR_AF=0.02;AMR_AF=0.17;SAS_AF=0.1;VT=SNP;NS=2548,GT,1|1
17,35823900,.,G,C,.,PASS,AC=563;AN=5096;DP=83961;AF=0.11;EAS_AF=0.21;EUR_AF=0.1;AFR_AF=0.02;AMR_AF=0.17;SAS_AF=0.1;VT=SNP;NS=2548,GT,1|1
17,35824921,.,TAA,T,.,PASS,AC=1066;AN=5096;DP=19523;AF=0.21;EAS_AF=0.31;EUR_AF=0.11;AFR_AF=0.28;AMR_AF=0.21;SAS_AF=0.11;VT=INDEL;NS=2548,GT,1|1
17,35824996,.,T,C,.,PASS,AC=366;AN=5096;DP=20722;AF=0.07;EAS_AF=0.12;EUR_AF=0.09;AFR_AF=0;AMR_AF=0.16;SAS_AF=0.04;VT=SNP;NS=2548,GT,1|0
17,35825092,.,C,G,.,PASS,AC=796;AN=5096;DP=19534;AF=0.16;EAS_AF=0.21;EUR_AF=0.1;AFR_AF=0.18;AMR_AF=0.19;SAS_AF=0.1;VT=SNP;NS=2548,GT,1|1
17,35825527,.,TATAGTACATC,T,.,PASS,AC=808;AN=5096;DP=20667;AF=0.16;EAS_AF=0.21;EUR_AF=0.1;AFR_AF=0.18;AMR_AF=0.19;SAS_AF=0.1;VT=INDEL;NS=2548,GT,1|1
17,35825776,.,G,A,.,PASS,AC=809;AN=5096;DP=16644;AF=0.16;EAS_AF=0.21;EUR_AF=0.1;AFR_AF=0.19;AMR_AF=0.19;SAS_AF=0.1;VT=SNP;NS=2548,GT,1|1
17,35826379,.,G,A,.,PASS,AC=1570;AN=5096;DP=18787;AF=0.31;EAS_AF=0.32;EUR_AF=0.16;AFR_AF=0.46;AMR_AF=0.22;SAS_AF=0.3;VT=SNP;NS=2548,GT,1|1
17,35826416,.,G,T,.,PASS,AC=1570;AN=5096;DP=18314;AF=0.31;EAS_AF=0.32;EUR_AF=0.16;AFR_AF=0.46;AMR_AF=0.22;SAS_AF=0.3;VT=SNP;NS=2548,GT,1|1
17,35829657,.,G,A,.,PASS,AC=1582;AN=5096;DP=13520;AF=0.31;EAS_AF=0.32;EUR_AF=0.15;AFR_AF=0.47;AMR_AF=0.22;SAS_AF=0.31;VT=SNP;NS=2548,GT,1|1
17,35830464,.,C,CAT,.,PASS,AC=1566;AN=5096;DP=21393;AF=0.31;EAS_AF=0.32;EUR_AF=0.16;AFR_AF=0.46;AMR_AF=0.22;SAS_AF=0.3;VT=INDEL;NS=2548,GT,1|1
17,35830651,.,A,G,.,PASS,AC=5046;AN=5096;DP=20484;AF=0.99;EAS_AF=1;EUR_AF=0.97;AFR_AF=1;AMR_AF=0.98;SAS_AF=0.99;VT=SNP;NS=2548,GT,1|1
17,35831187,.,A,G,.,PASS,AC=1572;AN=5096;DP=18730;AF=0.31;EAS_AF=0.32;EUR_AF=0.16;AFR_AF=0.46;AMR_AF=0.23;SAS_AF=0.3;VT=SNP;NS=2548,GT,1|1
17,35831722,.,C,T,.,PASS,AC=813;AN=5096;DP=19400;AF=0.16;EAS_AF=0.21;EUR_AF=0.1;AFR_AF=0.19;AMR_AF=0.19;SAS_AF=0.1;VT=SNP;NS=2548,GT,1|1
17,35832467,.,A,AT,.,PASS,AC=548;AN=5096;DP=19850;AF=0.11;EAS_AF=0.21;EUR_AF=0.1;AFR_AF=0.01;AMR_AF=0.17;SAS_AF=0.1;VT=INDEL;NS=2548,GT,1|1
17,35832562,.,C,T,.,PASS,AC=563;AN=5096;DP=20170;AF=0.11;EAS_AF=0.21;EUR_AF=0.1;AFR_AF=0.02;AMR_AF=0.17;SAS_AF=0.1;VT=SNP;NS=2548,GT,1|1
17,35832653,.,C,G,.,PASS,AC=563;AN=5096;DP=20299;AF=0.11;EAS_AF=0.21;EUR_AF=0.1;AFR_AF=0.02;AMR_AF=0.17;SAS_AF=0.1;VT=SNP;NS=2548,GT,1|1
17,35832885,.,A,G,.,PASS,AC=2882;AN=5096;DP=20981;AF=0.57;EAS_AF=0.5;EUR_AF=0.4;AFR_AF=0.84;AMR_AF=0.47;SAS_AF=0.5;VT=SNP;NS=2548,GT,1|1
17,35833174,.,G,C,.,PASS,AC=606;AN=5096;DP=20689;AF=0.12;EAS_AF=0.21;EUR_AF=0.1;AFR_AF=0.05;AMR_AF=0.18;SAS_AF=0.1;VT=SNP;NS=2548,GT,1|1
17,35833760,.,C,T,.,PASS,AC=561;AN=5096;DP=96495;AF=0.11;EAS_AF=0.21;EUR_AF=0.1;AFR_AF=0.02;AMR_AF=0.17;SAS_AF=0.1;VT=SNP;NS=2548,GT,1|1
17,35836383,.,G,C,.,PASS,AC=1571;AN=5096;DP=65227;AF=0.31;EAS_AF=0.32;EUR_AF=0.16;AFR_AF=0.46;AMR_AF=0.23;SAS_AF=0.3;VT=SNP;NS=2548,GT,1|1
17,35836561,.,G,A,.,PASS,AC=2013;AN=5096;DP=24884;AF=0.4;EAS_AF=0.46;EUR_AF=0.16;AFR_AF=0.61;AMR_AF=0.29;SAS_AF=0.36;VT=SNP;NS=2548,GT,1|1
17,35836858,.,G,A,.,PASS,AC=5046;AN=5096;DP=19976;AF=0.99;EAS_AF=1;EUR_AF=0.97;AFR_AF=1;AMR_AF=0.98;SAS_AF=0.99;VT=SNP;NS=2548,GT,1|1
17,35837325,.,A,T,.,PASS,AC=559;AN=5096;DP=17355;AF=0.11;EAS_AF=0.21;EUR_AF=0.1;AFR_AF=0.02;AMR_AF=0.17;SAS_AF=0.1;VT=SNP;NS=2548,GT,1|1
17,35837325,.,A,AT,.,PASS,AC=308;AN=5096;DP=17355;AF=0.06;EAS_AF=0.04;EUR_AF=0.02;AFR_AF=0.14;AMR_AF=0.05;SAS_AF=0.02;VT=INDEL;NS=2548,GT,1|0
17,35837523,.,C,T,.,PASS,AC=941;AN=5096;DP=21845;AF=0.18;EAS_AF=0.31;EUR_AF=0.11;AFR_AF=0.2;AMR_AF=0.2;SAS_AF=0.11;VT=SNP;NS=2548,GT,1|1
17,35838597,.,G,GT,.,PASS,AC=806;AN=5096;DP=211033;AF=0.16;EAS_AF=0.21;EUR_AF=0.1;AFR_AF=0.19;AMR_AF=0.19;SAS_AF=0.1;VT=INDEL;NS=2548,GT,1|1
17,35839410,.,C,T,.,PASS,AC=800;AN=5096;DP=7882;AF=0.16;EAS_AF=0.21;EUR_AF=0.1;AFR_AF=0.18;AMR_AF=0.19;SAS_AF=0.1;VT=SNP;NS=2548,GT,1|1
17,35839561,.,T,G,.,PASS,AC=556;AN=5096;DP=13093;AF=0.11;EAS_AF=0.21;EUR_AF=0.1;AFR_AF=0.01;AMR_AF=0.17;SAS_AF=0.1;VT=SNP;NS=2548,GT,1|1
17,35840395,.,G,C,.,PASS,AC=554;AN=5096;DP=14491;AF=0.11;EAS_AF=0.21;EUR_AF=0.1;AFR_AF=0.01;AMR_AF=0.17;SAS_AF=0.1;VT=SNP;NS=2548,GT,1|1
17,35841182,.,TA,T,.,PASS,AC=934;AN=5096;DP=17639;AF=0.18;EAS_AF=0.31;EUR_AF=0.11;AFR_AF=0.19;AMR_AF=0.2;SAS_AF=0.11;VT=INDEL;NS=2548,GT,1|1
17,35841315,.,C,T,.,PASS,AC=555;AN=5096;DP=20820;AF=0.11;EAS_AF=0.21;EUR_AF=0.1;AFR_AF=0.01;AMR_AF=0.17;SAS_AF=0.1;VT=SNP;NS=2548,GT,1|1
17,35841496,.,G,C,.,PASS,AC=1570;AN=5096;DP=17795;AF=0.31;EAS_AF=0.32;EUR_AF=0.16;AFR_AF=0.46;AMR_AF=0.23;SAS_AF=0.3;VT=SNP;NS=2548,GT,1|1
17,35841714,.,TG,T,.,PASS,AC=914;AN=5096;DP=16090;AF=0.18;EAS_AF=0.3;EUR_AF=0.11;AFR_AF=0.18;AMR_AF=0.2;SAS_AF=0.11;VT=INDEL;NS=2548,GT,1|1
17,35841715,.,G,T,.,PASS,AC=916;AN=5096;DP=14009;AF=0.18;EAS_AF=0.3;EUR_AF=0.11;AFR_AF=0.18;AMR_AF=0.2;SAS_AF=0.11;VT=SNP;NS=2548,GT,1|1
17,35842151,.,G,A,.,PASS,AC=596;AN=5096;DP=42638;AF=0.12;EAS_AF=0.21;EUR_AF=0.1;AFR_AF=0.04;AMR_AF=0.17;SAS_AF=0.1;VT=SNP;NS=2548,GT,1|1
17,35842734,.,G,T,.,PASS,AC=1;AN=5096;DP=28661;AF=0;EAS_AF=0;EUR_AF=0;AFR_AF=0;AMR_AF=0;SAS_AF=0;VT=SNP;NS=2548,GT,0|1
17,35844703,.,A,C,.,PASS,AC=30;AN=5096;DP=279261;AF=0.01;EAS_AF=0.02;EUR_AF=0;AFR_AF=0;AMR_AF=0;SAS_AF=0;VT=SNP;NS=2548,GT,1|0
17,35845577,.,G,A,.,PASS,AC=1565;AN=5096;DP=17668;AF=0.31;EAS_AF=0.32;EUR_AF=0.16;AFR_AF=0.45;AMR_AF=0.22;SAS_AF=0.32;VT=SNP;NS=2548,GT,1|1
17,35845633,.,C,G,.,PASS,AC=826;AN=5096;DP=18186;AF=0.16;EAS_AF=0.21;EUR_AF=0.1;AFR_AF=0.21;AMR_AF=0.19;SAS_AF=0.1;VT=SNP;NS=2548,GT,1|1
17,35845711,.,A,G,.,PASS,AC=1585;AN=5096;DP=17623;AF=0.31;EAS_AF=0.32;EUR_AF=0.16;AFR_AF=0.46;AMR_AF=0.22;SAS_AF=0.32;VT=SNP;NS=2548,GT,1|1
