#CHROM,POS,ID,REF,ALT,QUAL,FILTER,INFO,FORMAT,HG01859
6,109693679,.,C,T,.,PASS,AC=3821;AN=5096;DP=19377;AF=0.75;EAS_AF=0.65;EUR_AF=0.78;AFR_AF=0.87;AMR_AF=0.71;SAS_AF=0.68;VT=SNP;NS=2548,GT,1|1
6,109693898,.,GGTTTT,G,.,PASS,AC=1592;AN=5096;DP=15517;AF=0.31;EAS_AF=0.19;EUR_AF=0.36;AFR_AF=0.51;AMR_AF=0.26;SAS_AF=0.15;VT=INDEL;NS=2548,GT,1|1
6,109695601,.,G,C,.,PASS,AC=1199;AN=5096;DP=20286;AF=0.24;EAS_AF=0.3;EUR_AF=0.19;AFR_AF=0.26;AMR_AF=0.21;SAS_AF=0.19;VT=SNP;NS=2548,GT,0|1
6,109695603,.,C,G,.,PASS,AC=644;AN=5096;DP=20413;AF=0.13;EAS_AF=0.11;EUR_AF=0.14;AFR_AF=0.17;AMR_AF=0.11;SAS_AF=0.08;VT=SNP;NS=2548,GT,0|1
6,109695705,.,G,A,.,PASS,AC=3821;AN=5096;DP=21625;AF=0.75;EAS_AF=0.65;EUR_AF=0.78;AFR_AF=0.87;AMR_AF=0.71;SAS_AF=0.68;VT=SNP;NS=2548,GT,1|1
6,109696392,.,A,G,.,PASS,AC=3528;AN=5096;DP=21353;AF=0.69;EAS_AF=0.52;EUR_AF=0.77;AFR_AF=0.83;AMR_AF=0.67;SAS_AF=0.61;VT=SNP;NS=2548,GT,1|1
6,109697146,.,T,C,.,PASS,AC=3823;AN=5096;DP=15817;AF=0.75;EAS_AF=0.65;EUR_AF=0.78;AFR_AF=0.87;AMR_AF=0.72;SAS_AF=0.68;VT=SNP;NS=2548,GT,1|1
6,109700114,.,T,C,.,PASS,AC=3526;AN=5096;DP=20110;AF=0.69;EAS_AF=0.52;EUR_AF=0.76;AFR_AF=0.83;AMR_AF=0.67;SAS_AF=0.61;VT=SNP;NS=2548,GT,1|1
6,109701265,.,A,G,.,PASS,AC=5;AN=5096;DP=24197;AF=0;EAS_AF=0;EUR_AF=0;AFR_AF=0;AMR_AF=0;SAS_AF=0;VT=SNP;NS=2548,GT,0|1
6,109702470,.,C,T,.,PASS,AC=3958;AN=5096;DP=19870;AF=0.78;EAS_AF=0.65;EUR_AF=0.78;AFR_AF=0.97;AMR_AF=0.73;SAS_AF=0.68;VT=SNP;NS=2548,GT,1|1
6,109702672,.,A,ATTC,.,PASS,AC=3954;AN=5096;DP=20802;AF=0.78;EAS_AF=0.65;EUR_AF=0.78;AFR_AF=0.97;AMR_AF=0.73;SAS_AF=0.68;VT=INDEL;NS=2548,GT,1|1
6,109704651,.,G,C,.,PASS,AC=596;AN=5096;DP=13095;AF=0.12;EAS_AF=0.18;EUR_AF=0.04;AFR_AF=0.22;AMR_AF=0.07;SAS_AF=0.02;VT=SNP;NS=2548,GT,1|1
6,109706059,.,T,C,.,PASS,AC=3816;AN=5096;DP=21391;AF=0.75;EAS_AF=0.65;EUR_AF=0.78;AFR_AF=0.87;AMR_AF=0.71;SAS_AF=0.68;VT=SNP;NS=2548,GT,1|1
6,109706902,.,C,T,.,PASS,AC=3952;AN=5096;DP=22452;AF=0.78;EAS_AF=0.65;EUR_AF=0.78;AFR_AF=0.97;AMR_AF=0.73;SAS_AF=0.68;VT=SNP;NS=2548,GT,1|1
6,109707154,.,T,A,.,PASS,AC=781;AN=5096;DP=17235;AF=0.15;EAS_AF=0.18;EUR_AF=0.04;AFR_AF=0.36;AMR_AF=0.08;SAS_AF=0.02;VT=SNP;NS=2548,GT,1|1
6,109707281,.,A,G,.,PASS,AC=559;AN=5096;DP=14307;AF=0.11;EAS_AF=0.17;EUR_AF=0.04;AFR_AF=0.2;AMR_AF=0.07;SAS_AF=0.02;VT=SNP;NS=2548,GT,0|1
6,109707291,.,A,G,.,PASS,AC=1878;AN=5096;DP=14008;AF=0.37;EAS_AF=0.37;EUR_AF=0.37;AFR_AF=0.35;AMR_AF=0.36;SAS_AF=0.39;VT=SNP;NS=2548,GT,1|0
6,109707331,.,G,GTA,.,PASS,AC=593;AN=5096;DP=12253;AF=0.12;EAS_AF=0.18;EUR_AF=0.04;AFR_AF=0.22;AMR_AF=0.07;SAS_AF=0.02;VT=INDEL;NS=2548,GT,1|1
6,109707362,.,CGT,C,.,PASS,AC=3806;AN=5096;DP=11159;AF=0.75;EAS_AF=0.65;EUR_AF=0.78;AFR_AF=0.87;AMR_AF=0.71;SAS_AF=0.68;VT=INDEL;NS=2548,GT,1|1
6,109707610,.,T,C,.,PASS,AC=3952;AN=5096;DP=14477;AF=0.78;EAS_AF=0.65;EUR_AF=0.78;AFR_AF=0.97;AMR_AF=0.73;SAS_AF=0.68;VT=SNP;NS=2548,GT,1|1
6,109707759,.,G,A,.,PASS,AC=594;AN=5096;DP=14733;AF=0.12;EAS_AF=0.18;EUR_AF=0.04;AFR_AF=0.22;AMR_AF=0.07;SAS_AF=0.02;VT=SNP;NS=2548,GT,1|1
6,109708880,.,C,A,.,PASS,AC=3815;AN=5096;DP=20598;AF=0.75;EAS_AF=0.65;EUR_AF=0.78;AFR_AF=0.87;AMR_AF=0.71;SAS_AF=0.68;VT=SNP;NS=2548,GT,1|1
6,109709376,.,A,G,.,PASS,AC=594;AN=5096;DP=22485;AF=0.12;EAS_AF=0.18;EUR_AF=0.04;AFR_AF=0.22;AMR_AF=0.07;SAS_AF=0.02;VT=SNP;NS=2548,GT,1|1
6,109710118,.,A,T,.,PASS,AC=3816;AN=5096;DP=21375;AF=0.75;EAS_AF=0.65;EUR_AF=0.78;AFR_AF=0.87;AMR_AF=0.71;SAS_AF=0.68;VT=SNP;NS=2548,GT,1|1
6,109710910,.,A,C,.,PASS,AC=2444;AN=5096;DP=17684;AF=0.48;EAS_AF=0.38;EUR_AF=0.46;AFR_AF=0.75;AMR_AF=0.38;SAS_AF=0.31;VT=SNP;NS=2548,GT,1|1
6,109711377,.,C,T,.,PASS,AC=2104;AN=5096;DP=19644;AF=0.41;EAS_AF=0.32;EUR_AF=0.37;AFR_AF=0.72;AMR_AF=0.31;SAS_AF=0.21;VT=SNP;NS=2548,GT,1|1
6,109713292,.,G,T,.,PASS,AC=4;AN=5096;DP=26437;AF=0;EAS_AF=0;EUR_AF=0;AFR_AF=0;AMR_AF=0;SAS_AF=0;VT=SNP;NS=2548,GT,0|1
6,109713795,.,C,T,.,PASS,AC=591;AN=5096;DP=20138;AF=0.12;EAS_AF=0.18;EUR_AF=0.04;AFR_AF=0.22;AMR_AF=0.07;SAS_AF=0.02;VT=SNP;NS=2548,GT,1|1
6,109714672,.,T,C,.,PASS,AC=590;AN=5096;DP=18293;AF=0.12;EAS_AF=0.18;EUR_AF=0.04;AFR_AF=0.22;AMR_AF=0.07;SAS_AF=0.02;VT=SNP;NS=2548,GT,1|1
6,109714913,.,T,C,.,PASS,AC=591;AN=5096;DP=38830;AF=0.12;EAS_AF=0.18;EUR_AF=0.04;AFR_AF=0.22;AMR_AF=0.07;SAS_AF=0.02;VT=SNP;NS=2548,GT,1|1
6,109716899,.,G,A,.,PASS,AC=3905;AN=5096;DP=27506;AF=0.77;EAS_AF=0.66;EUR_AF=0.78;AFR_AF=0.93;AMR_AF=0.72;SAS_AF=0.68;VT=SNP;NS=2548,GT,1|1
6,109717437,.,A,G,.,PASS,AC=3869;AN=5096;DP=23456;AF=0.76;EAS_AF=0.66;EUR_AF=0.78;AFR_AF=0.9;AMR_AF=0.72;SAS_AF=0.68;VT=SNP;NS=2548,GT,1|1
6,109717951,.,C,T,.,PASS,AC=2152;AN=5096;DP=23018;AF=0.42;EAS_AF=0.32;EUR_AF=0.37;AFR_AF=0.74;AMR_AF=0.32;SAS_AF=0.22;VT=SNP;NS=2548,GT,1|1
6,109718537,.,G,T,.,PASS,AC=603;AN=5096;DP=21096;AF=0.12;EAS_AF=0.18;EUR_AF=0.04;AFR_AF=0.23;AMR_AF=0.07;SAS_AF=0.02;VT=SNP;NS=2548,GT,1|1
6,109718639,.,C,T,.,PASS,AC=569;AN=5096;DP=17787;AF=0.11;EAS_AF=0.18;EUR_AF=0.03;AFR_AF=0.21;AMR_AF=0.07;SAS_AF=0.02;VT=SNP;NS=2548,GT,1|1
6,109721359,.,G,C,.,PASS,AC=3896;AN=5096;DP=20363;AF=0.76;EAS_AF=0.67;EUR_AF=0.77;AFR_AF=0.9;AMR_AF=0.73;SAS_AF=0.7;VT=SNP;NS=2548,GT,1|1
6,109721577,.,G,A,.,PASS,AC=667;AN=5096;DP=22291;AF=0.13;EAS_AF=0.19;EUR_AF=0.04;AFR_AF=0.27;AMR_AF=0.08;SAS_AF=0.02;VT=SNP;NS=2548,GT,1|1
6,109722161,.,T,C,.,PASS,AC=665;AN=5096;DP=15526;AF=0.13;EAS_AF=0.19;EUR_AF=0.04;AFR_AF=0.27;AMR_AF=0.08;SAS_AF=0.02;VT=SNP;NS=2548,GT,1|1
6,109722996,.,CA,C,.,PASS,AC=3895;AN=5096;DP=20108;AF=0.76;EAS_AF=0.67;EUR_AF=0.77;AFR_AF=0.9;AMR_AF=0.73;SAS_AF=0.7;VT=INDEL;NS=2548,GT,1|1
6,109725419,.,C,A,.,PASS,AC=1146;AN=5096;DP=25557;AF=0.22;EAS_AF=0.31;EUR_AF=0.05;AFR_AF=0.45;AMR_AF=0.12;SAS_AF=0.09;VT=SNP;NS=2548,GT,1|1
6,109726061,.,G,C,.,PASS,AC=3977;AN=5096;DP=20193;AF=0.78;EAS_AF=0.67;EUR_AF=0.78;AFR_AF=0.96;AMR_AF=0.73;SAS_AF=0.7;VT=SNP;NS=2548,GT,1|1
6,109726962,.,C,T,.,PASS,AC=3893;AN=5096;DP=71728;AF=0.76;EAS_AF=0.67;EUR_AF=0.77;AFR_AF=0.9;AMR_AF=0.73;SAS_AF=0.7;VT=SNP;NS=2548,GT,1|1
6,109728839,.,G,A,.,PASS,AC=3894;AN=5096;DP=16937;AF=0.76;EAS_AF=0.67;EUR_AF=0.77;AFR_AF=0.9;AMR_AF=0.73;SAS_AF=0.7;VT=SNP;NS=2548,GT,1|1
6,109729773,.,CA,C,.,PASS,AC=2757;AN=5096;DP=14525;AF=0.54;EAS_AF=0.53;EUR_AF=0.45;AFR_AF=0.65;AMR_AF=0.51;SAS_AF=0.53;VT=INDEL;NS=2548,GT,1|1
6,109729938,.,T,G,.,PASS,AC=2880;AN=5096;DP=16967;AF=0.57;EAS_AF=0.53;EUR_AF=0.47;AFR_AF=0.76;AMR_AF=0.52;SAS_AF=0.47;VT=SNP;NS=2548,GT,1|1
6,109732073,.,T,C,.,PASS,AC=2135;AN=5096;DP=20151;AF=0.42;EAS_AF=0.32;EUR_AF=0.37;AFR_AF=0.73;AMR_AF=0.32;SAS_AF=0.21;VT=SNP;NS=2548,GT,1|1
6,109732621,.,G,GT,.,PASS,AC=3613;AN=5096;DP=243666;AF=0.71;EAS_AF=0.62;EUR_AF=0.7;AFR_AF=0.84;AMR_AF=0.67;SAS_AF=0.65;EX_TARGET;VT=INDEL;NS=2548,GT,0|1
6,109733283,.,G,A,.,PASS,AC=2135;AN=5096;DP=18869;AF=0.42;EAS_AF=0.32;EUR_AF=0.37;AFR_AF=0.73;AMR_AF=0.32;SAS_AF=0.21;VT=SNP;NS=2548,GT,1|1
6,109734782,.,G,A,.,PASS,AC=3894;AN=5096;DP=16926;AF=0.76;EAS_AF=0.67;EUR_AF=0.77;AFR_AF=0.9;AMR_AF=0.73;SAS_AF=0.7;VT=SNP;NS=2548,GT,1|1
6,109736016,.,A,G,.,PASS,AC=3894;AN=5096;DP=24408;AF=0.76;EAS_AF=0.67;EUR_AF=0.77;AFR_AF=0.9;AMR_AF=0.73;SAS_AF=0.7;VT=SNP;NS=2548,GT,1|1
6,109738766,.,A,G,.,PASS,AC=59;AN=5096;DP=28956;AF=0.01;EAS_AF=0.05;EUR_AF=0;AFR_AF=0;AMR_AF=0;SAS_AF=0;VT=SNP;NS=2548,GT,0|1
6,109739246,.,AC,A,.,PASS,AC=2132;AN=5096;DP=19339;AF=0.42;EAS_AF=0.32;EUR_AF=0.37;AFR_AF=0.73;AMR_AF=0.32;SAS_AF=0.21;VT=INDEL;NS=2548,GT,1|1
6,109741020,.,C,A,.,PASS,AC=3895;AN=5096;DP=24409;AF=0.76;EAS_AF=0.67;EUR_AF=0.77;AFR_AF=0.9;AMR_AF=0.73;SAS_AF=0.7;VT=SNP;NS=2548,GT,1|1
6,109743577,.,T,G,.,PASS,AC=686;AN=5096;DP=103776;AF=0.13;EAS_AF=0.19;EUR_AF=0.04;AFR_AF=0.28;AMR_AF=0.08;SAS_AF=0.02;VT=SNP;NS=2548,GT,1|1
6,109743883,.,G,A,.,PASS,AC=686;AN=5096;DP=107503;AF=0.13;EAS_AF=0.19;EUR_AF=0.04;AFR_AF=0.28;AMR_AF=0.08;SAS_AF=0.02;VT=SNP;NS=2548,GT,1|1
6,109744518,.,C,G,.,PASS,AC=2147;AN=5096;DP=17821;AF=0.42;EAS_AF=0.31;EUR_AF=0.4;AFR_AF=0.72;AMR_AF=0.33;SAS_AF=0.22;VT=SNP;NS=2548,GT,1|1
6,109744835,.,T,C,.,PASS,AC=2181;AN=5096;DP=14129;AF=0.43;EAS_AF=0.31;EUR_AF=0.4;AFR_AF=0.74;AMR_AF=0.33;SAS_AF=0.22;VT=SNP;NS=2548,GT,1|1
6,109747583,.,A,T,.,PASS,AC=2186;AN=5096;DP=23105;AF=0.43;EAS_AF=0.31;EUR_AF=0.4;AFR_AF=0.74;AMR_AF=0.33;SAS_AF=0.22;VT=SNP;NS=2548,GT,1|1
6,109748267,.,G,A,.,PASS,AC=3895;AN=5096;DP=23581;AF=0.76;EAS_AF=0.67;EUR_AF=0.77;AFR_AF=0.9;AMR_AF=0.73;SAS_AF=0.7;VT=SNP;NS=2548,GT,1|1
6,109749766,.,T,G,.,PASS,AC=1140;AN=5096;DP=14956;AF=0.22;EAS_AF=0.3;EUR_AF=0.05;AFR_AF=0.45;AMR_AF=0.12;SAS_AF=0.08;VT=SNP;NS=2548,GT,1|1
6,109750116,.,C,A,.,PASS,AC=1140;AN=5096;DP=21104;AF=0.22;EAS_AF=0.3;EUR_AF=0.05;AFR_AF=0.45;AMR_AF=0.12;SAS_AF=0.08;VT=SNP;NS=2548,GT,1|1
6,109750448,.,G,A,.,PASS,AC=59;AN=5096;DP=20698;AF=0.01;EAS_AF=0.05;EUR_AF=0;AFR_AF=0;AMR_AF=0;SAS_AF=0;VT=SNP;NS=2548,GT,0|1
6,109750748,.,A,C,.,PASS,AC=3986;AN=5096;DP=18773;AF=0.78;EAS_AF=0.67;EUR_AF=0.77;AFR_AF=0.97;AMR_AF=0.73;SAS_AF=0.7;VT=SNP;NS=2548,GT,1|1
6,109751300,.,G,A,.,PASS,AC=686;AN=5096;DP=20988;AF=0.13;EAS_AF=0.19;EUR_AF=0.04;AFR_AF=0.28;AMR_AF=0.08;SAS_AF=0.02;VT=SNP;NS=2548,GT,1|1
6,109751803,.,CT,C,.,PASS,AC=3929;AN=5096;DP=14123;AF=0.77;EAS_AF=0.67;EUR_AF=0.77;AFR_AF=0.92;AMR_AF=0.73;SAS_AF=0.7;VT=INDEL;NS=2548,GT,1|1
6,109753209,.,C,T,.,PASS,AC=686;AN=5096;DP=22299;AF=0.13;EAS_AF=0.19;EUR_AF=0.04;AFR_AF=0.28;AMR_AF=0.08;SAS_AF=0.02;VT=SNP;NS=2548,GT,1|1
6,109753864,.,A,G,.,PASS,AC=111;AN=5096;DP=23959;AF=0.02;EAS_AF=0.09;EUR_AF=0.01;AFR_AF=0;AMR_AF=0.01;SAS_AF=0;VT=SNP;NS=2548,GT,1|1
6,109753996,.,G,T,.,PASS,AC=2067;AN=5096;DP=24731;AF=0.41;EAS_AF=0.31;EUR_AF=0.4;AFR_AF=0.66;AMR_AF=0.33;SAS_AF=0.22;VT=SNP;NS=2548,GT,1|1
6,109754725,.,C,T,.,PASS,AC=685;AN=5096;DP=21882;AF=0.13;EAS_AF=0.19;EUR_AF=0.04;AFR_AF=0.28;AMR_AF=0.08;SAS_AF=0.02;VT=SNP;NS=2548,GT,1|1
6,109756118,.,T,G,.,PASS,AC=3890;AN=5096;DP=20638;AF=0.76;EAS_AF=0.66;EUR_AF=0.77;AFR_AF=0.91;AMR_AF=0.72;SAS_AF=0.7;VT=SNP;NS=2548,GT,1|1
6,109756883,.,TTCC,T,.,PASS,AC=3;AN=5096;DP=21668;AF=0;EAS_AF=0;EUR_AF=0;AFR_AF=0;AMR_AF=0;SAS_AF=0;VT=INDEL;NS=2548,GT,0|1
6,109758261,.,C,T,.,PASS,AC=3894;AN=5096;DP=20076;AF=0.76;EAS_AF=0.67;EUR_AF=0.77;AFR_AF=0.9;AMR_AF=0.73;SAS_AF=0.7;VT=SNP;NS=2548,GT,1|1
6,109759354,.,T,C,.,PASS,AC=2153;AN=5096;DP=25043;AF=0.42;EAS_AF=0.31;EUR_AF=0.4;AFR_AF=0.72;AMR_AF=0.33;SAS_AF=0.22;VT=SNP;NS=2548,GT,1|1
6,109760415,.,G,A,.,PASS,AC=1142;AN=5096;DP=307212;AF=0.22;EAS_AF=0.3;EUR_AF=0.05;AFR_AF=0.45;AMR_AF=0.12;SAS_AF=0.09;EX_TARGET;VT=SNP;NS=2548,GT,1|1
6,109763402,.,T,A,.,PASS,AC=2142;AN=5096;DP=17819;AF=0.42;EAS_AF=0.31;EUR_AF=0.4;AFR_AF=0.72;AMR_AF=0.32;SAS_AF=0.22;VT=SNP;NS=2548,GT,1|1
6,109763406,.,TC,T,.,PASS,AC=2142;AN=5096;DP=17928;AF=0.42;EAS_AF=0.31;EUR_AF=0.4;AFR_AF=0.72;AMR_AF=0.32;SAS_AF=0.22;VT=INDEL;NS=2548,GT,1|1
6,109764054,.,A,G,.,PASS,AC=686;AN=5096;DP=157691;AF=0.13;EAS_AF=0.19;EUR_AF=0.04;AFR_AF=0.28;AMR_AF=0.08;SAS_AF=0.02;VT=SNP;NS=2548,GT,1|1
6,109764220,.,T,C,.,PASS,AC=3931;AN=5096;DP=32249;AF=0.77;EAS_AF=0.67;EUR_AF=0.77;AFR_AF=0.93;AMR_AF=0.73;SAS_AF=0.7;VT=SNP;NS=2548,GT,1|1
6,109764443,.,GA,G,.,PASS,AC=2767;AN=5096;DP=16686;AF=0.54;EAS_AF=0.64;EUR_AF=0.43;AFR_AF=0.56;AMR_AF=0.52;SAS_AF=0.56;VT=INDEL;NS=2548,GT,1|1
6,109766414,.,G,A,.,PASS,AC=684;AN=5096;DP=29298;AF=0.13;EAS_AF=0.19;EUR_AF=0.04;AFR_AF=0.28;AMR_AF=0.08;SAS_AF=0.02;VT=SNP;NS=2548,GT,1|1
6,109766645,.,T,A,.,PASS,AC=684;AN=5096;DP=195745;AF=0.13;EAS_AF=0.19;EUR_AF=0.04;AFR_AF=0.28;AMR_AF=0.08;SAS_AF=0.02;VT=SNP;NS=2548,GT,1|1
6,109768789,.,A,C,.,PASS,AC=3894;AN=5096;DP=24286;AF=0.76;EAS_AF=0.67;EUR_AF=0.77;AFR_AF=0.9;AMR_AF=0.73;SAS_AF=0.7;VT=SNP;NS=2548,GT,1|1
6,109769144,.,A,C,.,PASS,AC=3894;AN=5096;DP=15956;AF=0.76;EAS_AF=0.67;EUR_AF=0.77;AFR_AF=0.9;AMR_AF=0.73;SAS_AF=0.7;VT=SNP;NS=2548,GT,1|1
6,109769827,.,C,G,.,PASS,AC=3948;AN=5096;DP=20709;AF=0.77;EAS_AF=0.67;EUR_AF=0.77;AFR_AF=0.94;AMR_AF=0.73;SAS_AF=0.7;VT=SNP;NS=2548,GT,1|1
6,109770361,.,A,G,.,PASS,AC=202;AN=5096;DP=19648;AF=0.04;EAS_AF=0.13;EUR_AF=0.01;AFR_AF=0.03;AMR_AF=0.02;SAS_AF=0;VT=SNP;NS=2548,GT,1|1
6,109770851,.,G,T,.,PASS,AC=1723;AN=5096;DP=22536;AF=0.34;EAS_AF=0.21;EUR_AF=0.39;AFR_AF=0.56;AMR_AF=0.28;SAS_AF=0.15;VT=SNP;NS=2548,GT,1|1
6,109771593,.,C,T,.,PASS,AC=712;AN=5096;DP=15915;AF=0.14;EAS_AF=0.2;EUR_AF=0.04;AFR_AF=0.3;AMR_AF=0.08;SAS_AF=0.02;VT=SNP;NS=2548,GT,1|1
6,109771697,.,C,A,.,PASS,AC=3072;AN=5096;DP=19487;AF=0.6;EAS_AF=0.46;EUR_AF=0.68;AFR_AF=0.82;AMR_AF=0.52;SAS_AF=0.44;VT=SNP;NS=2548,GT,1|1
6,109774850,.,A,G,.,PASS,AC=3945;AN=5096;DP=15820;AF=0.77;EAS_AF=0.67;EUR_AF=0.77;AFR_AF=0.94;AMR_AF=0.73;SAS_AF=0.69;VT=SNP;NS=2548,GT,1|1
6,109778078,.,C,G,.,PASS,AC=662;AN=5096;DP=19739;AF=0.13;EAS_AF=0.17;EUR_AF=0.03;AFR_AF=0.3;AMR_AF=0.07;SAS_AF=0.02;VT=SNP;NS=2548,GT,0|1
6,109778182,.,C,T,.,PASS,AC=434;AN=5096;DP=18482;AF=0.09;EAS_AF=0.17;EUR_AF=0.03;AFR_AF=0.13;AMR_AF=0.05;SAS_AF=0.02;VT=SNP;NS=2548,GT,0|1
6,109778470,.,C,CA,.,PASS,AC=3789;AN=5096;DP=14493;AF=0.74;EAS_AF=0.65;EUR_AF=0.73;AFR_AF=0.88;AMR_AF=0.71;SAS_AF=0.69;VT=INDEL;NS=2548,GT,1|1
6,109778790,.,G,A,.,PASS,AC=4540;AN=5096;DP=14072;AF=0.89;EAS_AF=0.93;EUR_AF=0.87;AFR_AF=0.9;AMR_AF=0.9;SAS_AF=0.85;VT=SNP;NS=2548,GT,1|1
6,109778806,.,A,G,.,PASS,AC=6;AN=5096;DP=14416;AF=0;EAS_AF=0;EUR_AF=0;AFR_AF=0;AMR_AF=0;SAS_AF=0;VT=SNP;NS=2548,GT,1|0
6,109778809,.,T,C,.,PASS,AC=1098;AN=5096;DP=14279;AF=0.22;EAS_AF=0.27;EUR_AF=0.07;AFR_AF=0.41;AMR_AF=0.1;SAS_AF=0.13;VT=SNP;NS=2548,GT,1|1
6,109778813,.,G,A,.,PASS,AC=4854;AN=5096;DP=14170;AF=0.95;EAS_AF=1;EUR_AF=0.89;AFR_AF=1;AMR_AF=0.93;SAS_AF=0.93;VT=SNP;NS=2548,GT,1|1
6,109778999,.,A,G,.,PASS,AC=635;AN=5096;DP=15188;AF=0.12;EAS_AF=0.3;EUR_AF=0.02;AFR_AF=0.12;AMR_AF=0.06;SAS_AF=0.09;VT=SNP;NS=2548,GT,1|1
6,109780297,.,T,C,.,PASS,AC=269;AN=5096;DP=22082;AF=0.05;EAS_AF=0.06;EUR_AF=0.09;AFR_AF=0;AMR_AF=0.1;SAS_AF=0.04;VT=SNP;NS=2548,GT,1|0
6,109781398,.,C,A,.,PASS,AC=1788;AN=5096;DP=22101;AF=0.35;EAS_AF=0.32;EUR_AF=0.65;AFR_AF=0.11;AMR_AF=0.49;SAS_AF=0.3;VT=SNP;NS=2548,GT,1|0
6,109782633,.,T,C,.,PASS,AC=192;AN=5096;DP=23356;AF=0.04;EAS_AF=0.11;EUR_AF=0;AFR_AF=0.05;AMR_AF=0.01;SAS_AF=0;VT=SNP;NS=2548,GT,0|1
6,109782927,.,C,T,.,PASS,AC=1692;AN=5096;DP=27333;AF=0.33;EAS_AF=0.32;EUR_AF=0.65;AFR_AF=0.04;AMR_AF=0.49;SAS_AF=0.3;VT=SNP;NS=2548,GT,1|0
6,109783500,.,A,T,.,PASS,AC=191;AN=5096;DP=20269;AF=0.04;EAS_AF=0.11;EUR_AF=0;AFR_AF=0.05;AMR_AF=0.01;SAS_AF=0;VT=SNP;NS=2548,GT,0|1
6,109783894,.,G,A,.,PASS,AC=191;AN=5096;DP=20445;AF=0.04;EAS_AF=0.11;EUR_AF=0;AFR_AF=0.05;AMR_AF=0.01;SAS_AF=0;VT=SNP;NS=2548,GT,0|1
6,109785031,.,A,G,.,PASS,AC=1822;AN=5096;DP=444240;AF=0.36;EAS_AF=0.32;EUR_AF=0.65;AFR_AF=0.12;AMR_AF=0.49;SAS_AF=0.32;EX_TARGET;VT=SNP;NS=2548,GT,1|0
6,109785994,.,G,A,.,PASS,AC=1815;AN=5096;DP=24695;AF=0.36;EAS_AF=0.32;EUR_AF=0.65;AFR_AF=0.11;AMR_AF=0.49;SAS_AF=0.32;VT=SNP;NS=2548,GT,1|0
6,109787299,.,T,C,.,PASS,AC=190;AN=5096;DP=16849;AF=0.04;EAS_AF=0.11;EUR_AF=0;AFR_AF=0.05;AMR_AF=0.01;SAS_AF=0;VT=SNP;NS=2548,GT,0|1
6,109787652,.,G,T,.,PASS,AC=4290;AN=5096;DP=22809;AF=0.84;EAS_AF=0.83;EUR_AF=0.81;AFR_AF=0.94;AMR_AF=0.76;SAS_AF=0.8;VT=SNP;NS=2548,GT,1|1
6,109789351,.,A,C,.,PASS,AC=4291;AN=5096;DP=49618;AF=0.84;EAS_AF=0.83;EUR_AF=0.81;AFR_AF=0.94;AMR_AF=0.76;SAS_AF=0.8;VT=SNP;NS=2548,GT,1|1
6,109789377,.,C,T,.,PASS,AC=190;AN=5096;DP=59836;AF=0.04;EAS_AF=0.11;EUR_AF=0;AFR_AF=0.05;AMR_AF=0.01;SAS_AF=0;VT=SNP;NS=2548,GT,0|1
6,109789740,.,G,T,.,PASS,AC=1719;AN=5096;DP=163426;AF=0.34;EAS_AF=0.32;EUR_AF=0.65;AFR_AF=0.04;AMR_AF=0.49;SAS_AF=0.32;VT=SNP;NS=2548,GT,1|0
6,109793473,.,C,G,.,PASS,AC=268;AN=5096;DP=20355;AF=0.05;EAS_AF=0.11;EUR_AF=0;AFR_AF=0.11;AMR_AF=0.01;SAS_AF=0;VT=SNP;NS=2548,GT,0|1
6,109795095,.,G,T,.,PASS,AC=268;AN=5096;DP=15310;AF=0.05;EAS_AF=0.11;EUR_AF=0;AFR_AF=0.11;AMR_AF=0.01;SAS_AF=0;VT=SNP;NS=2548,GT,0|1
6,109795967,.,C,T,.,PASS,AC=1132;AN=5096;DP=22154;AF=0.22;EAS_AF=0.31;EUR_AF=0.31;AFR_AF=0.05;AMR_AF=0.29;SAS_AF=0.23;VT=SNP;NS=2548,GT,1|0
6,109797009,.,C,T,.,PASS,AC=189;AN=5096;DP=67139;AF=0.04;EAS_AF=0.11;EUR_AF=0;AFR_AF=0.05;AMR_AF=0.01;SAS_AF=0;VT=SNP;NS=2548,GT,0|1
6,109797383,.,A,G,.,PASS,AC=3709;AN=5096;DP=24970;AF=0.73;EAS_AF=0.83;EUR_AF=0.47;AFR_AF=0.93;AMR_AF=0.58;SAS_AF=0.72;VT=SNP;NS=2548,GT,1|1
6,109797573,.,G,A,.,PASS,AC=3706;AN=5096;DP=22762;AF=0.73;EAS_AF=0.83;EUR_AF=0.47;AFR_AF=0.93;AMR_AF=0.58;SAS_AF=0.71;VT=SNP;NS=2548,GT,1|1
6,109798928,.,T,G,.,PASS,AC=3707;AN=5096;DP=17712;AF=0.73;EAS_AF=0.83;EUR_AF=0.47;AFR_AF=0.93;AMR_AF=0.58;SAS_AF=0.72;VT=SNP;NS=2548,GT,1|1
6,109799321,.,A,G,.,PASS,AC=3707;AN=5096;DP=20107;AF=0.73;EAS_AF=0.83;EUR_AF=0.47;AFR_AF=0.93;AMR_AF=0.58;SAS_AF=0.72;VT=SNP;NS=2548,GT,1|1
6,109800247,.,T,G,.,PASS,AC=5094;AN=5096;DP=20869;AF=1;EAS_AF=1;EUR_AF=1;AFR_AF=1;AMR_AF=1;SAS_AF=1;VT=SNP;NS=2548,GT,1|1
6,109800248,.,T,G,.,PASS,AC=5094;AN=5096;DP=20818;AF=1;EAS_AF=1;EUR_AF=1;AFR_AF=1;AMR_AF=1;SAS_AF=1;VT=SNP;NS=2548,GT,1|1
6,109800806,.,C,T,.,PASS,AC=3317;AN=5096;DP=24233;AF=0.65;EAS_AF=0.81;EUR_AF=0.47;AFR_AF=0.67;AMR_AF=0.55;SAS_AF=0.71;VT=SNP;NS=2548,GT,1|1
6,109802115,.,G,A,.,PASS,AC=3693;AN=5096;DP=21546;AF=0.72;EAS_AF=0.83;EUR_AF=0.47;AFR_AF=0.93;AMR_AF=0.57;SAS_AF=0.71;VT=SNP;NS=2548,GT,1|1
6,109803325,.,C,G,.,PASS,AC=1172;AN=5096;DP=21582;AF=0.23;EAS_AF=0.31;EUR_AF=0.31;AFR_AF=0.07;AMR_AF=0.3;SAS_AF=0.23;VT=SNP;NS=2548,GT,1|0
6,109805728,.,TA,T,.,PASS,AC=12;AN=5096;DP=17203;AF=0;EAS_AF=0.01;EUR_AF=0;AFR_AF=0;AMR_AF=0;SAS_AF=0;VT=INDEL;NS=2548,GT,0|1
6,109806754,.,C,G,.,PASS,AC=1224;AN=5096;DP=20569;AF=0.24;EAS_AF=0.31;EUR_AF=0.3;AFR_AF=0.11;AMR_AF=0.31;SAS_AF=0.24;VT=SNP;NS=2548,GT,1|0
6,109807278,.,C,T,.,PASS,AC=186;AN=5096;DP=22979;AF=0.04;EAS_AF=0.11;EUR_AF=0;AFR_AF=0.05;AMR_AF=0.01;SAS_AF=0;VT=SNP;NS=2548,GT,0|1
6,109807483,.,G,A,.,PASS,AC=1108;AN=5096;DP=21239;AF=0.22;EAS_AF=0.31;EUR_AF=0.3;AFR_AF=0.03;AMR_AF=0.29;SAS_AF=0.23;VT=SNP;NS=2548,GT,1|0
6,109810049,.,C,T,.,PASS,AC=1211;AN=5096;DP=22178;AF=0.24;EAS_AF=0.31;EUR_AF=0.3;AFR_AF=0.11;AMR_AF=0.3;SAS_AF=0.23;VT=SNP;NS=2548,GT,1|0
6,109811668,.,G,A,.,PASS,AC=1085;AN=5096;DP=21491;AF=0.21;EAS_AF=0.29;EUR_AF=0.3;AFR_AF=0.03;AMR_AF=0.29;SAS_AF=0.23;VT=SNP;NS=2548,GT,1|0
6,109812501,.,G,A,.,PASS,AC=2548;AN=5096;DP=23422;AF=0.5;EAS_AF=0.7;EUR_AF=0.43;AFR_AF=0.27;AMR_AF=0.49;SAS_AF=0.68;VT=SNP;NS=2548,GT,1|0
6,109812661,.,T,C,.,PASS,AC=3545;AN=5096;DP=23789;AF=0.7;EAS_AF=0.82;EUR_AF=0.46;AFR_AF=0.84;AMR_AF=0.56;SAS_AF=0.72;VT=SNP;NS=2548,GT,1|1
6,109813446,.,G,T,.,PASS,AC=3495;AN=5096;DP=21886;AF=0.69;EAS_AF=0.82;EUR_AF=0.47;AFR_AF=0.8;AMR_AF=0.55;SAS_AF=0.71;VT=SNP;NS=2548,GT,1|1
6,109814447,.,AT,A,.,PASS,AC=2825;AN=5096;DP=17653;AF=0.55;EAS_AF=0.82;EUR_AF=0.45;AFR_AF=0.36;AMR_AF=0.51;SAS_AF=0.69;VT=INDEL;NS=2548,GT,1|1
6,109815226,.,A,C,.,PASS,AC=3390;AN=5096;DP=16647;AF=0.67;EAS_AF=0.82;EUR_AF=0.47;AFR_AF=0.72;AMR_AF=0.55;SAS_AF=0.71;VT=SNP;NS=2548,GT,1|1
6,109815496,.,C,CT,.,PASS,AC=2287;AN=5096;DP=12683;AF=0.45;EAS_AF=0.69;EUR_AF=0.44;AFR_AF=0.08;AMR_AF=0.49;SAS_AF=0.68;VT=INDEL;NS=2548,GT,1|0
6,109815694,.,C,T,.,PASS,AC=2283;AN=5096;DP=14130;AF=0.45;EAS_AF=0.69;EUR_AF=0.44;AFR_AF=0.08;AMR_AF=0.49;SAS_AF=0.68;VT=SNP;NS=2548,GT,1|0
6,109816109,.,G,A,.,PASS,AC=3100;AN=5096;DP=17397;AF=0.61;EAS_AF=0.69;EUR_AF=0.45;AFR_AF=0.72;AMR_AF=0.51;SAS_AF=0.61;VT=SNP;NS=2548,GT,1|1
6,109816228,.,G,A,.,PASS,AC=2282;AN=5096;DP=18733;AF=0.45;EAS_AF=0.69;EUR_AF=0.44;AFR_AF=0.08;AMR_AF=0.49;SAS_AF=0.68;VT=SNP;NS=2548,GT,1|0
6,109817562,.,AGT,A,.,PASS,AC=1821;AN=5096;DP=17603;AF=0.36;EAS_AF=0.5;EUR_AF=0.38;AFR_AF=0.07;AMR_AF=0.41;SAS_AF=0.53;VT=INDEL;NS=2548,GT,1|0
6,109817567,.,G,A,.,PASS,AC=1933;AN=5096;DP=17237;AF=0.38;EAS_AF=0.54;EUR_AF=0.41;AFR_AF=0.07;AMR_AF=0.44;SAS_AF=0.55;VT=SNP;NS=2548,GT,1|0
6,109817568,.,TA,T,.,PASS,AC=1642;AN=5096;DP=17326;AF=0.32;EAS_AF=0.42;EUR_AF=0.39;AFR_AF=0.13;AMR_AF=0.34;SAS_AF=0.4;VT=INDEL;NS=2548,GT,1|0
6,109818480,.,A,C,.,PASS,AC=2286;AN=5096;DP=20035;AF=0.45;EAS_AF=0.69;EUR_AF=0.44;AFR_AF=0.08;AMR_AF=0.49;SAS_AF=0.68;VT=SNP;NS=2548,GT,1|0
6,109818493,.,C,T,.,PASS,AC=174;AN=5096;DP=20039;AF=0.03;EAS_AF=0.11;EUR_AF=0;AFR_AF=0.04;AMR_AF=0.01;SAS_AF=0;VT=SNP;NS=2548,GT,0|1
6,109819201,.,A,G,.,PASS,AC=175;AN=5096;DP=23711;AF=0.03;EAS_AF=0.12;EUR_AF=0;AFR_AF=0.04;AMR_AF=0.01;SAS_AF=0;VT=SNP;NS=2548,GT,0|1
6,109821629,.,G,A,.,PASS,AC=2677;AN=5096;DP=21595;AF=0.53;EAS_AF=0.7;EUR_AF=0.44;AFR_AF=0.34;AMR_AF=0.51;SAS_AF=0.68;VT=SNP;NS=2548,GT,1|0
6,109821769,.,A,G,.,PASS,AC=2528;AN=5096;DP=23498;AF=0.5;EAS_AF=0.7;EUR_AF=0.44;AFR_AF=0.24;AMR_AF=0.51;SAS_AF=0.68;VT=SNP;NS=2548,GT,1|0
6,109822211,.,A,G,.,PASS,AC=150;AN=5096;DP=17111;AF=0.03;EAS_AF=0.11;EUR_AF=0;AFR_AF=0.02;AMR_AF=0.01;SAS_AF=0;VT=SNP;NS=2548,GT,0|1
6,109822364,.,TA,T,.,PASS,AC=2293;AN=5096;DP=16757;AF=0.45;EAS_AF=0.69;EUR_AF=0.44;AFR_AF=0.08;AMR_AF=0.5;SAS_AF=0.68;VT=INDEL;NS=2548,GT,1|0
6,109822763,.,G,A,.,PASS,AC=3390;AN=5096;DP=8879;AF=0.67;EAS_AF=0.82;EUR_AF=0.47;AFR_AF=0.72;AMR_AF=0.56;SAS_AF=0.71;VT=SNP;NS=2548,GT,1|1
6,109823605,.,C,T,.,PASS,AC=174;AN=5096;DP=22660;AF=0.03;EAS_AF=0.11;EUR_AF=0;AFR_AF=0.04;AMR_AF=0.01;SAS_AF=0;VT=SNP;NS=2548,GT,0|1
6,109825100,.,G,A,.,PASS,AC=2016;AN=5096;DP=327879;AF=0.4;EAS_AF=0.56;EUR_AF=0.42;AFR_AF=0.09;AMR_AF=0.45;SAS_AF=0.57;EX_TARGET;VT=SNP;NS=2548,GT,1|0
6,109825272,.,C,T,.,PASS,AC=177;AN=5096;DP=197269;AF=0.03;EAS_AF=0.12;EUR_AF=0;AFR_AF=0.04;AMR_AF=0.01;SAS_AF=0;EX_TARGET;VT=SNP;NS=2548,GT,0|1
6,109825385,.,C,T,.,PASS,AC=2284;AN=5096;DP=69603;AF=0.45;EAS_AF=0.69;EUR_AF=0.44;AFR_AF=0.08;AMR_AF=0.49;SAS_AF=0.68;VT=SNP;NS=2548,GT,1|0
