#CHROM,POS,ID,REF,ALT,QUAL,FILTER,INFO,FORMAT,HG02073
12,108880633,.,T,TAAC,.,PASS,AC=3342;AN=5096;DP=21297;AF=0.66;EAS_AF=0.76;EUR_AF=0.55;AFR_AF=0.67;AMR_AF=0.71;SAS_AF=0.61;VT=INDEL;NS=2548,GT,1|1
12,108880714,.,A,AT,.,PASS,AC=1141;AN=5096;DP=21109;AF=0.22;EAS_AF=0.31;EUR_AF=0.1;AFR_AF=0.22;AMR_AF=0.37;SAS_AF=0.18;VT=INDEL;NS=2548,GT,1|1
12,108880764,.,G,A,.,PASS,AC=837;AN=5096;DP=21486;AF=0.16;EAS_AF=0.31;EUR_AF=0.09;AFR_AF=0.03;AMR_AF=0.36;SAS_AF=0.15;VT=SNP;NS=2548,GT,1|1
12,108881003,.,C,T,.,PASS,AC=905;AN=5096;DP=22455;AF=0.18;EAS_AF=0.3;EUR_AF=0.11;AFR_AF=0.04;AMR_AF=0.37;SAS_AF=0.17;VT=SNP;NS=2548,GT,1|0
12,108881023,.,G,A,.,PASS,AC=446;AN=5096;DP=21804;AF=0.09;EAS_AF=0.2;EUR_AF=0.05;AFR_AF=0.04;AMR_AF=0.03;SAS_AF=0.1;VT=SNP;NS=2548,GT,0|1
12,108881833,.,C,T,.,PASS,AC=2677;AN=5096;DP=11564;AF=0.53;EAS_AF=0.54;EUR_AF=0.28;AFR_AF=0.75;AMR_AF=0.52;SAS_AF=0.46;VT=SNP;NS=2548,GT,1|1
12,108882438,.,G,A,.,PASS,AC=1263;AN=5096;DP=25158;AF=0.25;EAS_AF=0.32;EUR_AF=0.16;AFR_AF=0.23;AMR_AF=0.42;SAS_AF=0.17;VT=SNP;NS=2548,GT,1|0
12,108882466,.,T,C,.,PASS,AC=1129;AN=5096;DP=24063;AF=0.22;EAS_AF=0.32;EUR_AF=0.16;AFR_AF=0.13;AMR_AF=0.41;SAS_AF=0.17;VT=SNP;NS=2548,GT,1|0
12,108882641,.,C,T,.,PASS,AC=1989;AN=5096;DP=21280;AF=0.39;EAS_AF=0.32;EUR_AF=0.21;AFR_AF=0.59;AMR_AF=0.47;SAS_AF=0.33;VT=SNP;NS=2548,GT,1|0
12,108882869,.,C,T,.,PASS,AC=1697;AN=5096;DP=21150;AF=0.33;EAS_AF=0.32;EUR_AF=0.18;AFR_AF=0.5;AMR_AF=0.46;SAS_AF=0.19;VT=SNP;NS=2548,GT,1|0
12,108883406,.,G,A,.,PASS,AC=2673;AN=5096;DP=21592;AF=0.52;EAS_AF=0.55;EUR_AF=0.28;AFR_AF=0.75;AMR_AF=0.52;SAS_AF=0.46;VT=SNP;NS=2548,GT,1|1
12,108883716,.,C,A,.,PASS,AC=1265;AN=5096;DP=23857;AF=0.25;EAS_AF=0.32;EUR_AF=0.16;AFR_AF=0.23;AMR_AF=0.42;SAS_AF=0.17;VT=SNP;NS=2548,GT,1|0
12,108883944,.,G,A,.,PASS,AC=1542;AN=5096;DP=23802;AF=0.3;EAS_AF=0.32;EUR_AF=0.18;AFR_AF=0.39;AMR_AF=0.45;SAS_AF=0.19;VT=SNP;NS=2548,GT,1|0
12,108883967,.,T,G,.,PASS,AC=1985;AN=5096;DP=23673;AF=0.39;EAS_AF=0.32;EUR_AF=0.21;AFR_AF=0.59;AMR_AF=0.47;SAS_AF=0.33;VT=SNP;NS=2548,GT,1|0
12,108884393,.,C,G,.,PASS,AC=2373;AN=5096;DP=25014;AF=0.47;EAS_AF=0.48;EUR_AF=0.28;AFR_AF=0.6;AMR_AF=0.51;SAS_AF=0.44;VT=SNP;NS=2548,GT,1|1
12,108884971,.,T,G,.,PASS,AC=2479;AN=5096;DP=229390;AF=0.49;EAS_AF=0.48;EUR_AF=0.33;AFR_AF=0.6;AMR_AF=0.55;SAS_AF=0.46;EX_TARGET;VT=SNP;NS=2548,GT,1|1
12,108885760,.,T,A,.,PASS,AC=1249;AN=5096;DP=18004;AF=0.25;EAS_AF=0.47;EUR_AF=0.19;AFR_AF=0.05;AMR_AF=0.42;SAS_AF=0.21;VT=SNP;NS=2548,GT,1|1
12,108886759,.,A,C,.,PASS,AC=4416;AN=5096;DP=21348;AF=0.87;EAS_AF=1;EUR_AF=0.72;AFR_AF=0.92;AMR_AF=0.83;SAS_AF=0.85;VT=SNP;NS=2548,GT,1|1
12,108886824,.,C,CA,.,PASS,AC=2191;AN=5096;DP=24017;AF=0.43;EAS_AF=0.47;EUR_AF=0.27;AFR_AF=0.53;AMR_AF=0.5;SAS_AF=0.37;VT=INDEL;NS=2548,GT,1|1
12,108887919,.,G,A,.,PASS,AC=2187;AN=5096;DP=23307;AF=0.43;EAS_AF=0.47;EUR_AF=0.27;AFR_AF=0.52;AMR_AF=0.5;SAS_AF=0.37;VT=SNP;NS=2548,GT,1|1
12,108887972,.,T,C,.,PASS,AC=2561;AN=5096;DP=22644;AF=0.5;EAS_AF=0.54;EUR_AF=0.27;AFR_AF=0.74;AMR_AF=0.52;SAS_AF=0.38;VT=SNP;NS=2548,GT,1|1
12,108888108,.,G,A,.,PASS,AC=2186;AN=5096;DP=21295;AF=0.43;EAS_AF=0.47;EUR_AF=0.27;AFR_AF=0.52;AMR_AF=0.5;SAS_AF=0.37;VT=SNP;NS=2548,GT,1|1
12,108888421,.,T,C,.,PASS,AC=2192;AN=5096;DP=20820;AF=0.43;EAS_AF=0.47;EUR_AF=0.27;AFR_AF=0.53;AMR_AF=0.5;SAS_AF=0.37;VT=SNP;NS=2548,GT,1|1
12,108888732,.,T,C,.,PASS,AC=1256;AN=5096;DP=22606;AF=0.25;EAS_AF=0.47;EUR_AF=0.19;AFR_AF=0.05;AMR_AF=0.42;SAS_AF=0.21;VT=SNP;NS=2548,GT,1|1
12,108888909,.,C,T,.,PASS,AC=1578;AN=5096;DP=22530;AF=0.31;EAS_AF=0.47;EUR_AF=0.23;AFR_AF=0.14;AMR_AF=0.45;SAS_AF=0.35;VT=SNP;NS=2548,GT,1|1
12,108889109,.,AT,A,.,PASS,AC=2555;AN=5096;DP=23177;AF=0.5;EAS_AF=0.55;EUR_AF=0.3;AFR_AF=0.71;AMR_AF=0.52;SAS_AF=0.37;VT=INDEL;NS=2548,GT,1|1
12,108890702,.,G,T,.,PASS,AC=2537;AN=5096;DP=25520;AF=0.5;EAS_AF=0.54;EUR_AF=0.27;AFR_AF=0.73;AMR_AF=0.52;SAS_AF=0.36;VT=SNP;NS=2548,GT,1|1
12,108891204,.,A,T,.,PASS,AC=2567;AN=5096;DP=18802;AF=0.5;EAS_AF=0.54;EUR_AF=0.27;AFR_AF=0.74;AMR_AF=0.52;SAS_AF=0.38;VT=SNP;NS=2548,GT,1|1
12,108891700,.,G,A,.,PASS,AC=1358;AN=5096;DP=18596;AF=0.27;EAS_AF=0.47;EUR_AF=0.19;AFR_AF=0.12;AMR_AF=0.43;SAS_AF=0.21;VT=SNP;NS=2548,GT,1|1
12,108891705,.,G,C,.,PASS,AC=2569;AN=5096;DP=18459;AF=0.5;EAS_AF=0.54;EUR_AF=0.27;AFR_AF=0.74;AMR_AF=0.52;SAS_AF=0.38;VT=SNP;NS=2548,GT,1|1
12,108892215,.,A,T,.,PASS,AC=2563;AN=5096;DP=13888;AF=0.5;EAS_AF=0.55;EUR_AF=0.27;AFR_AF=0.73;AMR_AF=0.52;SAS_AF=0.38;VT=SNP;NS=2548,GT,1|1
12,108892370,.,C,G,.,PASS,AC=2569;AN=5096;DP=18216;AF=0.5;EAS_AF=0.55;EUR_AF=0.27;AFR_AF=0.74;AMR_AF=0.52;SAS_AF=0.38;VT=SNP;NS=2548,GT,1|1
12,108892623,.,C,T,.,PASS,AC=1363;AN=5096;DP=31857;AF=0.27;EAS_AF=0.47;EUR_AF=0.19;AFR_AF=0.12;AMR_AF=0.43;SAS_AF=0.21;VT=SNP;NS=2548,GT,1|1
12,108892800,.,G,C,.,PASS,AC=1362;AN=5096;DP=117775;AF=0.27;EAS_AF=0.47;EUR_AF=0.19;AFR_AF=0.12;AMR_AF=0.43;SAS_AF=0.21;VT=SNP;NS=2548,GT,1|1
12,108894208,.,A,G,.,PASS,AC=1358;AN=5096;DP=137466;AF=0.27;EAS_AF=0.47;EUR_AF=0.19;AFR_AF=0.12;AMR_AF=0.43;SAS_AF=0.21;VT=SNP;NS=2548,GT,1|1
12,108895443,.,C,T,.,PASS,AC=2217;AN=5096;DP=32500;AF=0.44;EAS_AF=0.47;EUR_AF=0.31;AFR_AF=0.49;AMR_AF=0.54;SAS_AF=0.37;VT=SNP;NS=2548,GT,1|1
12,108895535,.,A,AG,.,PASS,AC=2121;AN=5096;DP=33525;AF=0.42;EAS_AF=0.47;EUR_AF=0.27;AFR_AF=0.47;AMR_AF=0.5;SAS_AF=0.36;VT=INDEL;NS=2548,GT,1|1
12,108895617,.,A,G,.,PASS,AC=2564;AN=5096;DP=34483;AF=0.5;EAS_AF=0.54;EUR_AF=0.27;AFR_AF=0.73;AMR_AF=0.52;SAS_AF=0.38;VT=SNP;NS=2548,GT,1|1
12,108895692,.,G,A,.,PASS,AC=2119;AN=5096;DP=33476;AF=0.42;EAS_AF=0.47;EUR_AF=0.27;AFR_AF=0.47;AMR_AF=0.5;SAS_AF=0.36;VT=SNP;NS=2548,GT,1|1
12,108895799,.,A,G,.,PASS,AC=2567;AN=5096;DP=28616;AF=0.5;EAS_AF=0.54;EUR_AF=0.27;AFR_AF=0.74;AMR_AF=0.52;SAS_AF=0.38;VT=SNP;NS=2548,GT,1|1
12,108896034,.,T,TA,.,PASS,AC=2099;AN=5096;DP=22059;AF=0.41;EAS_AF=0.46;EUR_AF=0.27;AFR_AF=0.47;AMR_AF=0.51;SAS_AF=0.36;VT=INDEL;NS=2548,GT,1|1
12,108896219,.,C,T,.,PASS,AC=1366;AN=5096;DP=17195;AF=0.27;EAS_AF=0.48;EUR_AF=0.2;AFR_AF=0.12;AMR_AF=0.43;SAS_AF=0.21;VT=SNP;NS=2548,GT,1|1
12,108896292,.,A,G,.,PASS,AC=2140;AN=5096;DP=14999;AF=0.42;EAS_AF=0.48;EUR_AF=0.27;AFR_AF=0.48;AMR_AF=0.5;SAS_AF=0.36;VT=SNP;NS=2548,GT,1|1
12,108896409,.,G,A,.,PASS,AC=1369;AN=5096;DP=12094;AF=0.27;EAS_AF=0.48;EUR_AF=0.2;AFR_AF=0.12;AMR_AF=0.43;SAS_AF=0.21;VT=SNP;NS=2548,GT,1|1
12,108896442,.,A,AAAT,.,PASS,AC=433;AN=5096;DP=20444;AF=0.08;EAS_AF=0.14;EUR_AF=0.04;AFR_AF=0.06;AMR_AF=0.14;SAS_AF=0.07;VT=INDEL;NS=2548,GT,0|1
12,108897946,.,CA,C,.,PASS,AC=1224;AN=5096;DP=23483;AF=0.24;EAS_AF=0.35;EUR_AF=0.18;AFR_AF=0.18;AMR_AF=0.41;SAS_AF=0.15;VT=INDEL;NS=2548,GT,1|0
12,108898098,.,G,A,.,PASS,AC=2060;AN=5096;DP=31818;AF=0.4;EAS_AF=0.47;EUR_AF=0.3;AFR_AF=0.39;AMR_AF=0.55;SAS_AF=0.37;VT=SNP;NS=2548,GT,1|1
12,108898654,.,C,T,.,PASS,AC=386;AN=5096;DP=323522;AF=0.08;EAS_AF=0.15;EUR_AF=0.05;AFR_AF=0;AMR_AF=0.04;SAS_AF=0.15;EX_TARGET;VT=SNP;NS=2548,GT,0|1
12,108899544,.,A,G,.,PASS,AC=2095;AN=5096;DP=88836;AF=0.41;EAS_AF=0.47;EUR_AF=0.3;AFR_AF=0.42;AMR_AF=0.55;SAS_AF=0.37;VT=SNP;NS=2548,GT,1|1
12,108900275,.,G,A,.,PASS,AC=2264;AN=5096;DP=82794;AF=0.44;EAS_AF=0.47;EUR_AF=0.3;AFR_AF=0.54;AMR_AF=0.55;SAS_AF=0.37;VT=SNP;NS=2548,GT,1|1
12,108900830,.,T,C,.,PASS,AC=1;AN=5096;DP=30475;AF=0;EAS_AF=0;EUR_AF=0;AFR_AF=0;AMR_AF=0;SAS_AF=0;VT=SNP;NS=2548,GT,0|1
12,108900943,.,T,C,.,PASS,AC=1535;AN=5096;DP=26553;AF=0.3;EAS_AF=0.46;EUR_AF=0.19;AFR_AF=0.22;AMR_AF=0.44;SAS_AF=0.26;VT=SNP;NS=2548,GT,1|1
